Standardised_Smiles,Target
Oc1c(Cl)cc(Cl)cc1Sc1cc(Cl)cc(Cl)c1O,0
CCCCCC1C(=O)CCC1CC(=O)O,0
Cc1cc(=O)n(-c2ccccc2)n1C,0
O=C(C=CC=Cc1ccc2c(c1)OCO2)N1CCCCC1,0
O=c1ccc2cc(OC3OC(CO)C(O)C(O)C3O)c(O)cc2o1,0
Nc1ccc(C(=O)O)cc1,0
O=C(O)CCC(=O)c1ccc(-c2ccccc2)cc1,0
Nc1ccc(C(=O)O)c(O)c1,0
CS(=O)(=O)OCCCCOS(C)(=O)=O,0
CCCc1cc(C(N)=S)ccn1,0
O=c1cc[nH]c(=S)[nH]1,0
CC(COc1ccc(C=Cc2ccccc2)cc1)[N+](C)(C)C,0
CCCCCCCCCC(=O)NC(CN1CCOCC1)C(O)c1ccccc1,0
CC[N+](CC)(CC)CC,0
C[N+](C)(C)CCCCCCCCCC[N+](C)(C)C,0
Cc1cc(N)c2ccccc2[n+]1CCCCCCCCCC[n+]1c(C)cc(N)c2ccccc21,0
C[N+]1(CCCCC[N+]2(C)CCCC2)CCCC1,0
C[N+]1(C)CCN(c2ccccc2)CC1,0
Cc1c2ccncc2c(C)c2c1[nH]c1ccccc12,0
Cc1nccc2c1[nH]c1ccccc12,0
Nc1ccc(-c2nc3ccc(-c4nc5ccc(N)cc5[nH]4)cc3[nH]2)cc1,0
CN1CCc2ccccc2Cc2[nH]c3ccccc3c2CC1,0
c1ccc(CN(Cc2ncc[nH]2)c2ccccc2)cc1,0
CC(N)Cc1cnc[nH]1,0
Cc1cn[nH]c1,0
CCCN1CCCC2Cc3[nH]ncc3CC21,0
CC1(C)CCC=[N+]1[O-],0
C[N+](C)(C)CC=O,0
O=C1OC(=CBr)CCC1c1cccc2ccccc12,0
O=c1[nH]c(=O)n(C2CC(O)C(CO)O2)cc1C=CBr,0
CCN(CC)c1ncnc2c1ncn2C1OC(COP(=O)(O)OP(=O)(O)C(Br)(Br)P(=O)(O)O)C(O)C1O,0
CC(C)CC1C(=O)N2CCCC2C2(O)OC(NC(=O)C3C=C4c5cccc6[nH]c(Br)c(c56)CC4N(C)C3)(C(C)C)C(=O)N12,0
O=[N+]([O-])c1cccc2c(Br)[nH]nc12,0
O=c1[nH]c(=O)n(C2CC(O)C(CO)O2)cc1Br,0
CN(C)c1nc2c(Br)c(Br)c(Br)c(Br)c2[nH]1,0
Brc1c(Br)c(Br)c2n[nH]nc2c1Br,0
C=CCN1CCc2c(cc(O)c(O)c2Br)C(c2ccccc2)C1,0
CC(N)CN1CCc2ccc(Br)cc21,0
O=c1onc2n1-c1cc(Br)ccc1OC2,0
O=Nc1c(-c2c(O)[nH]c3cc(Br)ccc23)[nH]c2ccccc12,0
Brc1ccc(C2CN3CCSC3=N2)cc1,0
CN(C)CC=C(c1ccc(Br)cc1)c1cccnc1,0
O=S(=O)(NCCNCC=Cc1ccc(Br)cc1)c1cccc2cnccc12,0
CC[N+](C)(C)Cc1ccccc1Br,0
CCN(CCCl)Cc1ccccc1Br,0
Nc1nc2c(nc(Br)n2C2OC3COP(=O)(O)OC3C2O)c(=O)[nH]1,0
Nc1ncnc2c1nc(Br)n2C1OC2COP(=O)(O)OC2C1O,0
C=CCc1ccccc1OCC(O)CNC1(C)CCCC(C(C)(C)NC(=O)CBr)C1,0
C[N+](C)(C)CCOC(=O)CBr,0
CC(=O)NBr,0
O=P(O)(O)C(Cl)(Cl)P(=O)(O)O,0
NC(CCl)C(=O)O,0
NC(C(=O)NC1C(=O)N2C(C(=O)O)=C(Cl)CSC12)c1ccccc1,0
CC(C)(Oc1ccc(C2CC2(Cl)Cl)cc1)C(=O)O,0
CCCN(CCC)C(=O)Cc1c(-c2ccc(Cl)cc2)nc2c(Cl)cc(Cl)cn12,0
CC1CC2C3CCC4=CC(=O)C=CC4(C)C3(Cl)C(O)CC2(C)C1(O)C(=O)CO,0
Nc1nnc(-c2cccc(Cl)c2Cl)c(N)n1,0
CCOC(=O)C1=C(C)NC(C)=C(C(=O)OC)C1c1cccc(Cl)c1Cl,0
CC(N)c1cccc(Cl)c1Cl,0
CCCN(CC1CC1)c1nc(C)nc(Nc2c(Cl)cc(Cl)cc2Cl)c1Cl,0
Cc1ccc(Cl)c(Nc2ccccc2C(=O)O)c1Cl,0
CC1(C2CCCC2)Cc2cc(OCC(=O)O)c(Cl)c(Cl)c2C1=O,0
CCCCC1(C2CCCC2)Cc2cc(OCC(=O)O)c(Cl)c(Cl)c2C1=O,0
O=C(O)C(=Cc1c(C(=O)O)[nH]c2cc(Cl)cc(Cl)c12)c1ccccc1,0
Cc1cccc(C2CN(C)CCc3c2cc(O)c(O)c3Cl)c1,0
Oc1ccc(C2CNCCc3c2cc(O)c(O)c3Cl)cc1,0
Oc1cc2c(c(Cl)c1O)CCNCC2c1ccccc1,0
CN1CCc2c(cc(O)c(O)c2Cl)C(c2cccc(Cl)c2)C1,0
C=CCN1CCc2c(cc(O)c(O)c2Cl)C(c2ccccc2)C1,0
O=S(=O)(c1cccc2c(Cl)cccc12)N1CCCNCC1,0
NCCCCCCNS(=O)(=O)c1cccc2c(Cl)cccc12,0
NCCNS(=O)(=O)c1cccc2c(Cl)cccc12,0
O=C(O)c1cc(=O)c2c(Cl)cc(Cl)cc2[nH]1,0
CN1CCc2cccc(Cl)c2CC1,0
CC1C(=O)NC2=Nc3cccc(Cl)c3CN21,0
CNC(CC(C)C)C(=O)NC1C(=O)NC(CC(N)=O)C(=O)NC2C(=O)NC3C(=O)NC(C(=O)NC(C(=O)O)c4cc(O)cc(O)c4-c4cc3ccc4O)C(O)c3ccc(c(Cl)c3)Oc3cc2cc(c3OC2OC(CO)C(O)C(O)C2OC2CC(C)(N)C(O)C(C)O2)Oc2ccc(cc2Cl)C1O,0
O=C(Nc1ccc([N+](=O)[O-])cc1Cl)c1cc(Cl)ccc1O,0
NC(N)=NC(N)=Nc1cccc(Cl)c1,0
C[N+](C)(C)CC#CCOC(=O)Nc1cccc(Cl)c1,0
COc1ccc(Cl)cc1C(=O)NCCc1ccc(S(=O)(=O)NC(=O)NC2CCCCC2)cc1,0
CCN(CC)CCNC(=O)c1cc(Cl)c(N)cc1OC,0
CCN(CC)CCOC(=O)c1cc(Cl)c(N)cc1OC,0
COc1cc(N)c(Cl)cc1C(=O)OCCN1CCCCC1,0
CCCCN1CCC(COC(=O)c2cc(Cl)c(N)c3c2OCCO3)CC1,0
CN1C2CCC1CC(OC(=O)c1cc(Cl)cc(Cl)c1)C2,0
CN(CCCl)Cc1cc(Cl)c(NC2=NCCN2)c(Cl)c1,0
CCc1cc(Cl)c(OC)c(C(=O)NCC2CCN(CC)C2)c1O,0
CC(Cc1ccc2c(c1)OC(C(=O)O)(C(=O)O)O2)NCC(O)c1cccc(Cl)c1,0
CC(Cc1ccc(OCC(=O)O)cc1)NCC(O)c1cccc(Cl)c1,0
Cn1c(=O)c2c(nc(C=Cc3cccc(Cl)c3)n2C)n(C)c1=O,0
CC(NC(C)(C)C)C(=O)c1cccc(Cl)c1,0
CNC1CC(c2ccc(Cl)c(Cl)c2)c2ccccc21,0
CNC1CCC(c2ccc(Cl)c(Cl)c2)c2ccccc21,0
CCCCCN(CCCCC)C(=O)C(CCC(=O)O)NC(=O)c1ccc(Cl)c(Cl)c1,0
NC(=NCc1ccc(Cl)c(Cl)c1)NC(=O)c1nc(Cl)c(N)nc1N,0
CN(C(=O)Cc1ccc(Cl)c(Cl)c1)C(CN1CCCC1)c1cccc(OCC(=O)O)c1,0
CN(C(=O)Cc1ccc(Cl)c(Cl)c1)C1CCC2(CCCO2)CC1N1CCCC1,0
O=C(Cc1ccc(Cl)c(Cl)c1)N1CCCCC1CN1CCCC1,0
COC(=O)N1CCN(C(=O)Cc2ccc(Cl)c(Cl)c2)C(CN2CCCC2)C1,0
O=C(Cc1ccc(Cl)c(Cl)c1)OCCN1CCCC1,0
CCN1CCCC1CNC(=O)c1c(O)c(Cl)cc(Cl)c1OC,0
CC(=O)N1CCN(c2ccc(OCC3COC(Cn4ccnc4)(c4ccc(Cl)cc4C)O3)cc2)CC1,0
Cn1cc(C2=C(c3ccc(Cl)cc3Cl)C(=O)NC2=O)c2ccccc21,0
Clc1ccc(C(c2ccc(Cl)cc2)n2cc[n+](CC(OCc3ccc(Cl)cc3Cl)c3ccc(Cl)cc3Cl)c2)cc1,0
C#CCN(C)CCCOc1ccc(Cl)cc1Cl,0
Clc1cnc(Oc2ccc(Oc3ncc(Cl)cc3Cl)cc2)c(Cl)c1,0
Nc1cc(Cl)c(NC2=NCCN2)c(Cl)c1,0
Nc1ccc(N2C(=O)c3ccccc3C2=O)c(Cl)c1,0
O=c1n(CCCN2CCN(c3cccc(Cl)c3)CC2)nc2ccccn12,0
Clc1cccc(N2CCNCC2)c1,0
COc1ccc(Cl)cc1NC(=O)Nc1cc(C)nc2ccccc12,0
O=C1NC(=O)C(c2ccccc2[N+](=O)[O-])=C1Nc1ccc(O)c(Cl)c1,0
CCn1cnc2c(Nc3cccc(Cl)c3)nc(NC3CCCCC3N)nc21,0
NS(=O)(=O)c1cc(C(=O)O)c(NCc2ccco2)cc1Cl,0
Nc1nc2ccc(Cl)cc2c2nc(-c3ccco3)nn12,0
CN1CCc2cc(Cl)c(O)cc2C(c2ccccc2)C1,0
CN(C)CCCN1c2ccccc2CCc2ccc(Cl)cc21,0
CN(C)CCCN1c2ccccc2Sc2ccc(Cl)cc21,0
CN1CCN(CCCN2c3ccccc3Sc3ccc(Cl)cc32)CC1,0
OCCN1CCN(CCCN2c3ccccc3Sc3ccc(Cl)cc32)CC1,0
CCn1c(=O)[nH]c2cc(Cl)c(Cl)cc21,0
CC(=O)NNC(=O)N1Cc2ccccc2Oc2ccc(Cl)cc21,0
Cc1cc2c(cc1Cl)N(C(=O)Nc1cccc3ncccc13)CC2,0
Cc1ccccc1N1C(=O)c2cc(S(N)(=O)=O)c(Cl)cc2NC1C,0
NS(=O)(=O)c1cc2c(cc1Cl)NC(C1CC3C=CC1C3)NS2(=O)=O,0
OCC1OC(c2nc3cc(Cl)c(Cl)cc3[nH]2)C(O)C1O,0
O=C(O)c1cc(=O)c2ccc(Cl)cc2[nH]1,0
O=c1[nH]c2cc(Cl)c(Cl)cc2[nH]c1=O,0
O=c1[nH]c2cc(Cl)ccc2c(O)c1-c1cccc(Oc2ccccc2)c1,0
O=c1[nH]c2ccccc2n1CCCN1CCC(n2c(=O)[nH]c3cc(Cl)ccc32)CC1,0
CN1CCN(C2=Nc3cc(Cl)ccc3Nc3ccccc32)CC1,0
O=c1[nH]c2cc(Cl)ccc2o1,0
CC(Oc1ccc(Oc2cnc3ccc(Cl)cc3n2)cc1)C(=O)O,0
NS(=O)(=O)c1cc2c(cc1Cl)NC=NS2(=O)=O,0
CCN(CC)CCCC(C)Nc1ccnc2cc(Cl)ccc12,0
NS(=O)(=O)c1cc2c(cc1Cl)NCNS2(=O)=O,0
CC1=NS(=O)(=O)c2cc(Cl)ccc2N1,0
Cc1nc(N=Nc2cc([N+](=O)[O-])ccc2Cl)c(COP(=O)(O)O)c(C=O)c1O,0
O=C(Nc1ccccc1)c1cc([N+](=O)[O-])ccc1Cl,0
COc1ccc(-n2nc(C(F)(F)F)cc2-c2ccc(Cl)cc2)cc1,0
O=C(O)C=CC(O)c1ccc(Cl)cc1,0
NCC(CC(=O)O)c1ccc(Cl)cc1,0
NCC(CP(=O)(O)O)c1ccc(Cl)cc1,0
CN1C(=O)CCS(=O)(=O)C1c1ccc(Cl)cc1,0
COc1cccc(NC(=O)C=Cc2ccc(Cl)cc2)c1,0
O=C(NC1CN2CCC1CC2)c1ccc(Cl)cc1,0
COc1ccc2c(c1)c(CC(=O)O)c(C)n2C(=O)c1ccc(Cl)cc1,0
NCCNC(=O)c1ccc(Cl)cc1,0
NCC(O)(CS(=O)(=O)O)c1ccc(Cl)cc1,0
CN1CCCC1CCOC(C)(c1ccccc1)c1ccc(Cl)cc1,0
NC(Cc1ccc(Cl)cc1)C(=O)O,0
COC(=O)C(N)Cc1ccc(Cl)cc1,0
OC1(c2ccc(Cl)cc2)CCN(Cc2c[nH]c3ccccc23)CC1,0
CN(C)C(=O)C(CCN1CCC(O)(c2ccc(Cl)cc2)CC1)(c1ccccc1)c1ccccc1,0
O=C(CCCN1CCC(O)(c2ccc(Cl)cc2)CC1)c1ccc(F)cc1,0
CC(N)C(=O)OC(C)(C)Cc1ccc(Cl)cc1,0
Oc1cc2c(cc1O)CN(C(=S)NCCc1ccc(Cl)cc1)CCC2,0
CC(C)c1ccc2c(c1)c(SC(C)(C)C)c(CC(C)(C)C(=O)O)n2Cc1ccc(Cl)cc1,0
COc1ccc2c(c1)c(CC(=O)O)c(C)n2Cc1ccc(Cl)cc1,0
Clc1ccc(Cn2c(CN3CCCC3)nc3ccccc32)cc1,0
Clc1ccc(N2CCN(Cc3c[nH]c4ncccc34)CC2)cc1,0
CN(C)CCOC(=O)COc1ccc(Cl)cc1,0
CCCNC(=O)NS(=O)(=O)c1ccc(Cl)cc1,0
Nc1ncnc2c1nc(Sc1ccc(Cl)cc1)n2C1OC2COP(=O)(O)OC2C1O,0
C=CCN(C1=NCCN1)c1c(Cl)cccc1Cl,0
Fc1ccc(CN(C2=NCCN2)c2c(Cl)cccc2Cl)cc1,0
Clc1cccc(Cl)c1NC1=NCCN1,0
O=C(O)Cc1ccccc1Nc1c(Cl)cccc1Cl,0
CCC(C)N(C)C(=O)c1cc2ccccc2c(-c2ccccc2Cl)n1,0
Clc1ccc(C(c2ccccc2Cl)C(Cl)Cl)cc1,0
CC(C)(C)NCC(O)c1ccccc1Cl,0
Clc1ccccc1C(c1ccccc1)(c1ccccc1)n1ccnc1,0
CS(=O)(=O)O,0
NC(=NCc1ccccc1)NC(=O)c1nc(Cl)c(N)nc1N,0
CCN(c1nc(N)c(C(=O)N=C(N)N)nc1Cl)C(C)C,0
CN(C)c1nc(N)c(C(=O)N=C(N)N)nc1Cl,0
CC(C)CN(C)c1nc(N)c(C(=O)N=C(N)N)nc1Cl,0
NC(N)=NC(=O)c1nc(Cl)c(N)nc1N,0
NC(N)=NC(=O)c1nc(Cl)c(N2CCCCCC2)nc1N,0
Nc1nc(Cl)nc2c1ncn2C1OC(CO)C(O)C1O,0
Nc1nc(Cl)nc2c1ncn2C1OC(COP(=O)(O)OP(=O)(O)OP(=O)(O)O)C(O)C1O,0
NC1CCN(c2cccc(Cl)n2)CC1,0
Nc1c(S(=O)(=O)O)cc(Nc2ccc(Nc3nc(Cl)nc(Nc4cccc(S(=O)(=O)O)c4)n3)c(S(=O)(=O)O)c2)c2c1C(=O)c1ccccc1C2=O,0
COc1nc(C)nc(Cl)c1NC1=NCCN1,0
Clc1nccc2c1ccc1ccccc12,0
Clc1ccc(N2CC3CCC(C2)N3)nn1,0
O=C(NC(Cc1ccccc1)C(=O)CCl)OCc1ccccc1,0
Cc1ccc(S(=O)(=O)NC(Cc2ccccc2)C(=O)CCl)cc1,0
Cc1ccc(S(=O)(=O)NC(CCCCN)C(=O)CCl)cc1,0
CC(COc1ccccc1)N(CCCl)Cc1ccccc1,0
NC(Cc1ccc(N(CCCl)CCCl)cc1)C(=O)O,0
O=C(O)CCCc1ccc(N(CCCl)CCCl)cc1,0
CC(=O)OCCN(C)CCCl,0
Cc1ncc(CNC(=O)N(CCCl)N=O)c(N)n1,0
O=NN(CCCl)C(=O)NCCCl,0
O=P1(N(CCCl)CCCl)NCCCO1,0
O=C(OC1CCN(CCCl)CC1)C(c1ccccc1)c1ccccc1,0
O=[N+]([O-])c1ccc(OC2OC(CO)C(O)C(O)C2F)c([N+](=O)[O-])c1,0
FC(F)(F)c1cc(COC2CCCNC2c2ccccc2)cc(C(F)(F)F)c1,0
CC(=O)NC(Cc1c[nH]c2ccccc12)C(=O)OCc1cc(C(F)(F)F)cc(C(F)(F)F)c1,0
CC1(C)NC(=O)N(c2ccc([N+](=O)[O-])c(C(F)(F)F)c2)C1=O,0
O=c1[nH]c2cc(C(F)(F)F)ccc2n1-c1cc(C(F)(F)F)ccc1O,0
CC(C)C(=O)Nc1ccc([N+](=O)[O-])c(C(F)(F)F)c1,0
O=C(O)c1cccnc1Nc1cccc(C(F)(F)F)c1,0
CN1CCN(c2nc3cc(C(F)(F)F)ccc3n3cccc23)CC1,0
COCCCCC(=NOCCN)c1ccc(C(F)(F)F)cc1,0
Cc1nnc2cc(-c3ccc(C(F)(F)F)cc3)cnn12,0
Cc1oncc1C(=O)Nc1ccc(C(F)(F)F)cc1,0
CN(CCC(Oc1ccc(C(F)(F)F)cc1)c1ccccc1)CC(=O)O,0
CNCCC(Oc1ccc(C(F)(F)F)cc1)c1ccccc1,0
FC(F)(F)c1ccccc1-n1ccnc1,0
COC(=O)C1=C(C)NC(C)=C([N+](=O)[O-])C1c1ccccc1C(F)(F)F,0
Cn1cc(C(F)(F)F)nc1-c1ccc(OCC(O)CNCCOc2ccc(O)c(C(N)=O)c2)cc1,0
O=C(NCC1CCCCN1)c1cc(OCC(F)(F)F)ccc1OCC(F)(F)F,0
NCCCC(N)(C(=O)O)C(F)F,0
COc1cc(-c2ccc(=O)[nH]n2)ccc1OC(F)F,0
CC1OC(n2cc(F)c(=O)[nH]c2=O)C(O)C1O,0
O=c1[nH]cc(F)c(=O)[nH]1,0
CC12C=CC(=O)C=C1CCC1C3CC(O)C(O)(C(=O)CO)C3(C)CC(O)C12F,0
CC1CC2C3CCC4=CC(=O)C=CC4(C)C3(F)C(O)CC2(C)C1(O)C(=O)CO,0
CCCN(CCC)C1CCc2c(F)ccc(O)c2C1,0
CCn1cc(C(=O)O)c(=O)c2cc(F)c(N3CCNC(C)C3)c(F)c21,0
CC(C)C1c2ccc(F)cc2CCC1(CCN(C)CCCc1nc2ccccc2[nH]1)OC(=O)C1CC1,0
COc1cc2c(cc1C(F)(F)F)N(C(=O)Nc1cc(F)cc(-c3cccnc3)c1)CC2,0
Fc1cccc(C=NN=Cc2cccc(F)c2)c1,0
NCC(O)c1cc(O)c(O)cc1F,0
CCOC(=O)c1ncn2c1CN(C)C(=O)c1cc(F)ccc1-2,0
COCC(=O)OC1(CCN(C)CCCc2nc3ccccc3[nH]2)CCc2cc(F)ccc2C1C(C)C,0
CC1COc2c(N3CCN(C)CC3)c(F)cc3c(=O)c(C(=O)O)cn1c23,0
O=C(O)c1cc2cc(F)ccc2[nH]1,0
Cc1nc2n(c(=O)c1CCN1CCC(c3noc4cc(F)ccc34)CC1)CCCC2,0
CCCCCCN(CCCCCC)C(=O)Cc1c(-c2ccc(F)cc2)[nH]c2ccccc12,0
O=[N+]([O-])c1ccc(-c2nc(-c3ccc(F)cc3)c(-c3ccncc3)[nH]2)cc1,0
Fc1ccc(C2CCNCC2COc2ccc3c(c2)OCO3)cc1,0
Cc1nc2ccccn2c(=O)c1CCN1CCC(C(=O)c2ccc(F)cc2)CC1,0
CC1(C)C(=O)N(CCN2CCC(C(=O)c3ccc(F)cc3)CC2)c2ccccc21,0
O=C(CCCN1CC=C(n2c(=O)[nH]c3ccccc32)CC1)c1ccc(F)cc1,0
O=C(CCCN1CCC(O)(c2cccc(C(F)(F)F)c2)CC1)c1ccc(F)cc1,0
O=C(CCCN1CCC2(CC1)C(=O)NCN2c1ccccc1)c1ccc(F)cc1,0
COc1ccccc1N1CCN(CCN(C(=O)c2ccc(F)cc2)c2ccccn2)CC1,0
O=c1[nH]c2ccccc2n1C1CCN(CCCC(c2ccc(F)cc2)c2ccc(F)cc2)CC1,0
O=C1NCN(c2ccccc2)C12CCN(CCCC(c1ccc(F)cc1)c1ccc(F)cc1)CC2,0
Fc1ccc(C(c2ccc(F)cc2)N2CCN(CC=Cc3ccccc3)CC2)cc1,0
CCCCN1C2CCC1CC(OC(c1ccc(F)cc1)c1ccc(F)cc1)C2,0
Fc1ccc(C(OCCCc2cnc[nH]2)c2ccc(F)cc2)cc1,0
Fc1ccc(C(OCCN2CCN(CCCc3ccccc3)CC2)c2ccc(F)cc2)cc1,0
NC(Cc1ccc(F)cc1)C(=O)O,0
NC(=O)c1ccc(OCC(O)CN2CC=C(c3ccc(F)cc3)CC2)cc1,0
Oc1ccc(-c2nc(-c3ccc(F)cc3)c(-c3ccncc3)[nH]2)cc1,0
CN(C)CCCC1(c2ccc(F)cc2)OCc2cc(C#N)ccc21,0
COc1ccc2c(c1)c(CC(=O)O)c(C)n2Cc1ccc(F)cc1,0
CCOC(=O)Nc1ccc(NCc2ccc(F)cc2)nc1N,0
Nc1ncnc2n[nH]c(Nc3ccc(F)cc3)c12,0
CC(C=Cc1cccc(Oc2ccc(F)cc2)c1)N(O)C(N)=O,0
O=C(c1cc(O)c(O)c([N+](=O)[O-])c1)c1ccccc1F,0
O=S(=O)(c1cccc2c(I)cccc12)N1CCCNCC1,0
CCCCc1oc2ccccc2c1C(=O)c1cc(I)c(OCCN(CC)CC)c(I)c1,0
COc1cc(C=C(C#N)C(=O)c2ccc(O)c(O)c2)cc(I)c1O,0
NC(N)=NCc1cccc(I)c1,0
CNC(=O)C1OC(n2cnc3c(NCc4cccc(I)c4)nc(Cl)nc32)C(O)C1O,0
CNC(=O)C1OC(n2cnc3c(NCc4cccc(I)c4)ncnc32)C(O)C1O,0
NC(Cc1ccc(O)c(I)c1)C(=O)O,0
Clc1cc(I)cc(Cl)c1NC1=NCCN1,0
COc1cc(CC(C)N)c(OC)cc1I,0
O=C1Nc2ccc(I)cc2C1=Cc1cc(Br)c(O)c(Br)c1,0
CC(C)NC(C)Cc1ccc(I)cc1,0
Ic1ccc(N2CCN(Cc3c[nH]c4ncccc34)CC2)cc1,0
Ic1ccccc1CNC1C2CCN(CC2)C1C(c1ccccc1)c1ccccc1,0
NC(=O)CI,0
C#CCNC(C)Cc1ccccc1,0
CCc1cccc(N(C)C(N)=Nc2cccc3ccccc23)c1,0
CC(N)=NCc1cccc(CN)c1,0
NC(N)=NC(N)=Nc1ccccc1,0
CNC1(C)C2CCC(C2)C1(C)C,0
C#CCN(C)Cc1ccccc1,0
CN(C)CCC=C1c2ccccc2C=Cc2ccccc21,0
CN(C)CCC=C1c2ccccc2CCc2ccccc21,0
CNCCCCCNCCC1CC2CCCC(C2)C1,0
CNCCCC1c2ccccc2C=Cc2ccccc21,0
NC(N)=NCCCCN=C(N)N,0
NCCCNCCCCNCCCN,0
CN(C)CCCN1c2ccccc2CCc2ccccc21,0
CNCCCN1c2ccccc2CCc2ccccc21,0
NNCCc1ccccc1,0
CCCN1CCCC(c2cccc(C#N)c2)C1,0
c1ccc(CN2CCC3(CCCc4ccccc43)CC2)cc1,0
NCCC1CCCC(CCN)N1,0
CC12NC(Cc3ccccc31)c1ccccc12,0
C1CCc2nnnn2CC1,0
Cc1cccc(C=Cc2ccccc2)n1,0
Cc1cccc(C#Cc2ccccc2)n1,0
Nc1nc(N)c2nc(-c3ccccc3)c(N)nc2n1,0
CN(C)c1nc(N(C)C)nc(N(C)C)n1,0
CCCN1CCCC2Cc3nc(N)ncc3CC21,0
CC(C)Cn1cnc2c(N)nc3ccccc3c21,0
Nc1ccc(-c2ccc3ccccc3n2)cc1,0
c1ccc2nc(C3=NCCN3)ccc2c1,0
c1ccc2nc(N3CCNCC3)ccc2c1,0
c1cnc2c(c1)ccc1cccnc12,0
Cc1ccc2c(c1)C(N1CCN(C)CC1)=Nc1cccnc1N2,0
CN1CCCC1c1cccnc1,0
CN(C)c1cc2c(Nc3ccc4c(cnn4Cc4ccccc4)c3)ncnc2cn1,0
Nc1ccncc1,0
CC(N=C(NC#N)Nc1ccncc1)C(C)(C)C,0
c1ccc(-c2ccccn2)nc1,0
CN(C)CCC(c1ccccc1)c1ccccn1,0
Cc1ccc(C(=CCN2CCCC2)c2ccccn2)cc1,0
Cn1ccnc1,0
c1ccc2c(N3CCNCC3)cccc2c1,0
c1ccc(C2(c3ccccc3)CC2C2=NCCN2)cc1,0
c1ccc2c(c1)CCCC2C1=NCCN1,0
Cc1ccccc1C=CC1=NCCN1,0
Cc1cc(C(C)(C)C)cc(C)c1CC1=NCCN1,0
c1ccc2c(CC3=NCCN3)cccc2c1,0
Cn1cnc(CCN)c1,0
Nc1ncnc2c1ncn2C1CCCC1,0
Cn1cnc2c(NC3CCCC3)ncnc21,0
Nn1nnc2ccccc21,0
N=C(N)c1ccccc1,0
N=C(N)N1CCc2ccccc2C1,0
NN=C(N)N,0
CC12CC3CC(C)(C1)CC(N)(C3)C2,0
NC12CC3CC(CC(C3)C1)C2,0
CN1Cc2c(N)cccc2C(c2ccccc2)C1,0
N=C(N)c1ccc(N)cc1,0
NCC#Cc1ccccc1,0
N#CCCN,0
NCCCCCCCCCCN,0
CC(C[N+](C)(C)C)OC(N)=O,0
CC(=O)OC(C)C[N+](C)(C)C,0
CN1C2CCC1CC(OC(c1ccccc1)c1ccccc1N)C2,0
Cc1ccccc1C(OCCN(C)C)c1ccccc1,0
CCCCCCCCCCCCCCCC(=O)OC(CC(=O)O)C[N+](C)(C)C,0
CCCCCCCCCCCCCCCCCC(=O)OC(CC(=O)O)C[N+](C)(C)C,0
CNCCC(Oc1ccccc1C)c1ccccc1,0
CNC(=O)OCC[N+](C)(C)C,0
COC(=O)C(N)CCCN=C(N)N[N+](=O)[O-],0
COC(=O)C(NC(=O)c1cc(-c2ccccc2)nc2ccccc12)c1ccccc1,0
CN1C2CCC1CC(OC(=O)C(O)c1ccccc1)C2,0
CC(C)[N+]1(C)C2CCC1CC(OC(=O)C(CO)c1ccccc1)C2,0
C[N+]1(C)C2CCC1CC(OC(=O)C(CO)c1ccccc1)C2,0
CN1C2CCC1CC(OC(=O)C(CO)c1ccccc1)C2,0
C[N+]1(C)CCC(OC(=O)C(c2ccccc2)c2ccccc2)CC1,0
CCCC(C(=O)OCCN(CC)CC)(c1ccccc1)c1ccccc1,0
CCN(CC)CC#CCOC(=O)C(O)(c1ccccc1)C1CCCCC1,0
CC(=O)OC1CC2(C)C(CC(O)C3C4(C)CCC(O)C(C)C4CCC32C)C1=C(CCC=C(C)C)C(=O)O,0
CC(=O)OC1CC2CCC3C(CCC4(C)C3CC([N+]3(C)CCCCC3)C4OC(C)=O)C2(C)CC1[N+]1(C)CCCCC1,0
CCCCCCCCCCCCCC(=O)OC1C(C)C2(O)C(C=C(CO)CC3(O)C(=O)C(C)=CC32)C2C(C)(C)C12OC(C)=O,0
CC(=O)Oc1cc(C(C)C)c(OCCN(C)C)cc1C,0
COCCOC(=O)C1=C(C)NC(C)=C(C(=O)OC(C)C)C1c1cccc([N+](=O)[O-])c1,0
C#CCN1C(C)=C(C(=O)OC)C(c2cccc([N+](=O)[O-])c2)C(C(=O)OCC)=C1C,0
COCCOC(=O)C1=C(C)NC(C)=C(C(=O)OCC=Cc2ccccc2)C1c1cccc([N+](=O)[O-])c1,0
COC(=O)C1=C(C)NC(C)=C(C(=O)OC)C1c1ccccc1[N+](=O)[O-],0
COC(=O)C1=CCCN(C)C1,0
C#CCOC(=O)C1=CCCN(C)C1,0
CCN(CC)CCOCCOC(=O)C1(c2ccccc2)CCCC1,0
CCN(CC)CCOC(=O)C1(C2CCCCC2)CCCCC1,0
COC(=O)c1c(C)[nH]c(C)c1C(=O)c1ccccc1Cc1ccccc1,0
C[N+]1(C)C2CCC1CC(OC(=O)c1c[nH]c3ccccc13)C2,0
CN1C2CCC1CC(OC(=O)c1c[nH]c3ccccc13)C2,0
O=C(OCCN1CCCCC1)c1c[nH]c2ccccc12,0
CCN(CC)CCOC(=O)c1ccc(N)cc1,0
CCCCNc1ccc(C(=O)OCCN(C)C)cc1,0
CCOC(=O)c1cnc2c(cnn2CC)c1NN=C(C)C,0
COC(=O)c1cc2c(cn1)[nH]c1ccccc12,0
C[N+](C)(C)CCOC(=O)CCC(=O)OCC[N+](C)(C)C,0
CCCCCCC(=O)OC1CC(C)(C)NC(C)(C)C1,0
CN(C)C(=O)Oc1cccc([N+](C)(C)C)c1,0
CNC(=O)Oc1ccc2c(c1)C1CCN(C)C1N2C,0
CN(C)CCOC(C)(c1ccccc1)c1ccccn1,0
CC(C)Oc1cccnc1N(C)C1CCN(Cc2ccccc2)CC1,0
CN1C2CCC1CC(OC(c1ccccc1)c1ccccc1)C2,0
CN(C)CCOC(c1ccccc1)c1ccccc1,0
c1ccc(CCCN2CCN(CCOC(c3ccccc3)c3ccccc3)CC2)cc1,0
COC1=C(OC)C(=O)c2ccccc2C1=O,0
COc1cc(=O)n(C)c2c(OCC(O)C(C)(C)O)cccc12,0
COc1cc2c(c(OC)c1OC)-c1ccc(OC)c(=O)cc1C(NC(C)=O)CC2,0
COc1ccc(CCN(C)CCCC(C#N)(c2cc(OC)c(OC)c(OC)c2)C(C)C)cc1OC,0
CCN(CC)CCCCCCCCOC(=O)c1cc(OC)c(OC)c(OC)c1,0
COc1cc(C(=O)OCCCN2CCCN(CCCOC(=O)c3cc(OC)c(OC)c(OC)c3)CC2)cc(OC)c1OC,0
COC(=O)c1c(-c2cc(OC)c(OC)c(OC)c2)c2ccnc(OCc3ncccn3)c2c(=O)n1Cc1ccnc(C)c1,0
COC(=O)c1c(-c2cc(OC)c(OC)c(OC)c2)c2ccc(OCc3ccccn3)cc2c(=O)n1-c1ccc(N)cc1,0
COc1cc(Cc2cnc(N)nc2N)cc(OC)c1OC,0
COc1ccc(NC=O)c(C(=O)CCNC(C)=O)c1,0
COc1cc(C=C(C#N)C#N)cc(O)c1O,0
C=CCN1CC(C)N(C(c2ccc(C(=O)N(CC)CC)cc2)c2cccc(OC)c2)CC1C,0
COc1cc(C(O)C(=O)O)ccc1O,0
COc1cc(C(O)CN)ccc1O,0
COc1cc(C(O)CO)ccc1O,0
CCN(CC)C(=O)c1ccc(O)c(OC)c1,0
COc1cc(CC(=O)O)ccc1O,0
COc1cc(CCN)ccc1O,0
COc1cc(CNC(=O)CCCCCCC(C)C)ccc1O,0
CCCCCCCCC(=O)NCc1ccc(O)c(OC)c1,0
COc1ccc(C=CC(=O)Nc2ccccc2C(=O)O)cc1OC,0
COc1ccc(CCN(C)CCCC(C#N)(c2ccc(OC)c(OC)c2)C(C)C)cc1OC,0
COc1ccc(Cc2nccc3cc(OC)c(OC)cc23)cc1OC,0
COc1ccc(CCN(C)CCc2ccc(OC)c(OC)c2)cc1OC,0
COc1ccc(CCNCC(O)c2ccc(O)cc2)cc1OC,0
COc1cc(OC)c(C=C2C(=O)Nc3ccccc32)c(OC)c1,0
COc1ccc2c(c1)C(=Cc1cnc[nH]1)C(=O)N2,0
COc1cc2c(cc1O)CCC1C2CCC2(C)C(O)CCC12,0
CCOC(=O)c1ncn2c1C1CCCN1C(=O)c1cc(OC)ccc1-2,0
COc1ccc2[nH]cc(CCN(C)C)c2c1,0
COc1ccc2[nH]cc(CCN)c2c1,0
COc1ccc2[nH]cc(CCNC(C)=O)c2c1,0
COc1cc2c(CCNC(C)=O)c[nH]c2cc1O,0
COc1ccc2cc(C(C)C(=O)O)ccc2c1,0
COc1cc2c(cc1OC)C(c1ccccc1)CN(C)CC2,0
CCC1CN2CCc3cc(OC)c(OC)cc3C2CC1CC1NCCc2cc(OC)c(OC)cc21,0
COc1ccc2c(c1)c(CC(=O)O)c(C)n2C(=O)c1ccccc1,0
CCCC(=O)NCCc1c2n(c3ccc(OC)cc13)Cc1ccccc1-2,0
CCCC(=O)NCCc1c2n(c3ccc(OC)cc13)CCCc1ccccc1-2,0
COc1cc2nc(N3CCN(C(=O)OCc4ccccc4)C(C(=O)NC(C)(C)C)C3)nc(N)c2cc1OC,0
COc1ccc2c(c1)C13CCCCC1C(C2)N(C)CC3,0
COc1ccc2c(c1)C13CCCCC1C(C2)NCC3,0
CCc1c(C(=O)OC)ncc2[nH]c3cc(OC)c(OC)cc3c12,0
COc1ccc2[nH]c3c(c2c1)CCNC3,0
CCCN(CCC)C1Cc2cc(OC)c(OC)cc2C1,0
COc1ccc2c(c1)CCC1C2CCC2(C)C(NCCCCCCN3C(=O)C=CC3=O)CCC12,0
CCC1(O)CC2CN(CCc3c([nH]c4ccccc34)C(C(=O)OC)(c3cc4c(cc3OC)N(C)C3C(O)(C(=O)OC)C(OC(C)=O)C5(CC)C=CCN6CCC43C65)C2)C1,0
COc1ccc(-c2ccc(=N)n(CCCC(=O)O)n2)cc1,0
COc1ccc(C(=O)N2CCCC2=O)cc1,0
COc1ccc(CC(C)NCC(O)c2ccc(O)c(NC=O)c2)cc1,0
COc1ccc(C=C(C#N)C#N)cc1,0
COc1ccc(CN(CCN(C)C)c2ccccn2)cc1,0
COc1ccc(CNC(=O)C=Cc2ccc3[nH]cc(CCN(C)C)c3c2)cc1,0
COc1ccc(C(=O)NCc2cccnc2)cc1C(=O)NCc1cccnc1,0
COc1ccc(CCN)cc1O,0
COc1ccc(OC)c(C(O)C(C)N)c1,0
COc1ccc2c(c1O)-c1cccc3c1C(C2)N(C)CC3,0
COc1ccccc1CNCCCCCCNCCCCCCCCNCCCCCCNCc1ccccc1OC,0
COc1ccccc1N1CCN(CCCCN2C(=O)c3ccccc3C2=O)CC1,0
COc1ccccc1N1CCN(CCCCNC(=O)c2ccc3ccccc3c2)CC1,0
COc1ccccc1N1CCN(CCCNc2cc(=O)n(C)c(=O)n2C)CC1,0
COc1ccccc1N1CCN(CCCNc2c(C)c(=O)n(C)c(=O)n2C)CC1,0
COc1ccccc1N1CCN(CCN(C(=O)C2CCCCC2)c2ccccn2)CC1,0
COc1ccccc1N1CCN(CCN2C(=O)CC3(CCCC3)CC2=O)CC1,0
COc1ccccc1N1CCNCC1,0
COc1ccccc1NC(=O)Nc1nc(-c2cccnc2)nc2ccccc12,0
CNCCC(Oc1ccccc1OC)c1ccccc1,0
Cc1cccc(C)c1OCC(N)C(C)C,0
Cc1cccc(C)c1OCC(C)N,0
Cc1ccc(OCC(O)C(C)NC(C)C)c2c1CCC2,0
CCc1ccccc1OCC(O)CNC1CCc2ccccc2C1,0
COc1ccccc1OCC(O)CN1CCN(CC(=O)Nc2c(C)cccc2C)CC1,0
CC(C)(C)NCC(O)COc1cccc2[nH]c(=O)[nH]c12,0
CC(C)NCC(O)COc1cccc2[nH]ccc12,0
CC(C)NCC(O)COc1cccc2ccccc12,0
CC(C)NCC(O)COc1ccc(CC(N)=O)cc1,0
COCCc1ccc(OCC(O)CNC(C)C)cc1,0
CC(C)NCC(O)COc1ccc(CCOCC2CC2)cc1,0
CC(C)NCC(O)COc1ccc(COCCOC(C)C)cc1,0
C=CCc1ccccc1OCC(O)CNC(C)C,0
CCCNCC(O)COc1ccccc1C(=O)CCc1ccccc1,0
COc1ccc(C2CNC(=O)C2)cc1OC1CCCC1,0
CCCn1c(=O)c2[nH]c(-c3ccc(OCC(=O)Nc4ccc(C#N)cc4)cc3)nc2n(CCC)c1=O,0
CCCn1c(=O)c2[nH]c(-c3ccc(OCC(=O)NCCN)cc3)nc2n(CCC)c1=O,0
CC(C)COCC(CN(Cc1ccccc1)c1ccccc1)N1CCCC1,0
CCCC(C)(COC(N)=O)COC(=O)NC(C)C,0
NC(=O)OCC(COC(N)=O)c1ccccc1,0
C[N+](C)(C)CCOC(N)=O,0
CC[N+](CC)(CC)CCOc1cccc(OCC[N+](CC)(CC)CC)c1OCC[N+](CC)(CC)CC,0
CC[N+](CC)(CC)CCOc1ccc(C=Cc2ccccc2)cc1,0
c1ccc(C2CC2)c(OCC2=NCCN2)c1,0
CC(C)C(NC(=O)OCc1ccccc1)C(=O)NC(C=O)Cc1ccccc1,0
Cc1nc2c(OCc3ccccc3)cccn2c1CC#N,0
Nc1nc(OCc2ccccc2)c2[nH]cnc2n1,0
CCCCCC(O)c1cccc(OCc2ccc3ccccc3n2)c1,0
O=C(O)c1ccccc1Nc1cccc(OCc2ccc3ccccc3n2)c1,0
CCCOc1ccccc1-c1nc2n[nH]nc2c(=O)[nH]1,0
CN(C(=O)CCCOc1ccc2[nH]c(=O)ccc2c1)C1CCCCC1,0
CCCCOc1cc(CC2CNC(=O)N2)ccc1OC,0
COc1ccc(CCCOc2cc(CCn3ccnc3)ccc2OC)cc1,0
O=C1CCc2cc(OCCCCc3nnnn3C3CCCCC3)ccc2N1,0
N=C(N)c1ccc(OCCCCCOc2ccc(C(=N)N)cc2)cc1,0
CCC(=C(c1ccccc1)c1ccc(OCCN(C)C)cc1)c1ccccc1,0
CN(CCOc1ccc(CC(Nc2ccccc2C(=O)c2ccccc2)C(=O)O)cc1)c1ccccn1,0
O=C(O)CN(CCOCCOCCN(CC(=O)O)CC(=O)O)CC(=O)O,0
NOCC(=O)O,0
O=C(O)C1=CCCN(CCON=C(c2ccccc2)c2ccccc2)C1,0
NC(N)=NOCCC(N)C(=O)O,0
NCC(O)C1CCCCCCC1,0
O=C(O)C=C1CCCc2ccccc2C1O,0
CC(=O)C1CCC2C3CCC4CC(O)CCC4(C)C3CCC12C,0
CC12CCC(O)CC1CCC1C2CCC2(C)C(C(=O)CO)CCC12,0
CCCCCCC(C(C)O)n1cnc2c(N)ncnc21,0
CNC(C)C(O)c1ccccc1,0
OCC1NCC(O)C1O,0
Nc1c2c(nc3ccccc13)CCCC2O,0
COC(=O)C1C(O)CCC2CN3CCc4c([nH]c5ccccc45)C3CC21,0
O=[N+]([O-])c1cccc2cn[nH]c12,0
N#Cc1cc2[nH]c(=O)c(=O)[nH]c2cc1[N+](=O)[O-],0
CC(=O)C(C)=NO,0
CC(=O)C(C)=O,0
CC(C)C(=O)c1c(C(C)C)nn2ccccc12,0
CN1C(CC(=O)c2ccccc2)CCCC1CC(O)c1ccccc1,0
CCCn1c(C)c(C(=O)c2cccc3ccccc23)c2ccccc21,0
C=CCc1ccc([N+](C)(C)CCC(=O)CC[N+](C)(C)c2ccc(CC=C)cc2)cc1,0
CC(C)N(CCC(=O)c1ccc2ccccc2c1)Cc1ccccc1,0
CN(C)C(=O)N=NC(=O)N(C)C,0
CC(N)=O,0
NC(=O)c1cccc(N)c1,0
NC(=O)c1cc(N2CC2)c([N+](=O)[O-])cc1[N+](=O)[O-],0
NC(=O)c1ccc2[nH]ccc2c1,0
CCCN(CCC)CCc1c[nH]c2ccc(C(N)=O)cc12,0
NCCc1c[nH]c2ccc(C(N)=O)cc12,0
NC(=O)c1ccccc1,0
NC(=O)c1cnccn1,0
NC(=O)CNCCC(c1ccccc1)c1ccccc1,0
NC(=O)N1c2ccccc2C=Cc2ccccc21,0
CCN(CC)C(=O)NC1CC2c3cccc4[nH]cc(c34)CC2N(C)C1,0
CCC(NC(=O)c1c(C)c(-c2ccccc2)nc2ccccc12)c1ccccc1,0
CCC(=O)N1CCN(C(=O)c2ccccc2)CC1,0
CNC(=O)c1cc2c(cn1)[nH]c1ccccc12,0
Cc1cccc(C)c1NC(=O)C(C)N,0
Cc1cccc(C)c1NC(=O)C[N+](C)(C)C,0
CC[N+](CC)(CC)CC(=O)Nc1c(C)cccc1C,0
CCN(CC)CC(=O)Nc1c(C)cccc1C,0
CN1C2CCC1CC(NC(=O)c1nn(C)c3ccccc13)C2,0
Cn1ccc2cc(NC(=O)Nc3cccnc3)ccc21,0
CCCNC(C)C(=O)Nc1ccccc1C,0
Cn1ccc2cc3c(cc21)CCN3C(=O)Nc1cccnc1,0
CC(N)C1CCC(C(=O)Nc2ccncc2)CC1,0
CCN(CC)CCNC(=O)c1ccc(N)cc1,0
CCN(CC)CCNC(=O)c1ccc(NC(C)=O)cc1,0
Cc1cccc(C(=O)NCN2CCN(c3ccccc3C#N)CC2)c1,0
NNC(N)=O,0
CC(C)NNC(=O)c1ccncc1,0
O=C(CCNNC(=O)c1ccncc1)NCc1ccccc1,0
NC(=O)NO,0
CC=C1C(=O)CC2C3CCC4=CC(=O)CCC4(C)C3CCC12C,0
Cc1cc(C)c(C=C2C(=O)Nc3ccccc32)[nH]1,0
CC(=O)C1CCC2C3CCC4CC(O)CCC4(C)C3C(=O)CC12C,0
CC1=C(C)C(=O)C(CCCCC#CCCCC#CCO)=C(C)C1=O,0
CN(N=O)c1ccc(O)c(O)c1,0
O=C(O)c1cc(=O)cc(C(=O)O)[nH]1,0
O=C(O)c1cc(=O)c2ccccc2[nH]1,0
CC12C=CC(=O)C=C1CCC1C2=CCC2(C)C(C(=O)CN3CCN(c4cc(N5CCCC5)nc(N5CCCC5)n4)CC3)CCC12,0
O=C1C=CC(=O)C=C1,0
CN(N=O)c1cc(O)ccc1O,0
O=C1c2ccccc2-c2n[nH]c3cccc1c23,0
CCn1cc(C(=O)O)c(=O)c2ccc(C)nc21,0
CC12CCC3C(CCC4CC(O)CCC43C)C1CCC2=O,0
CC(C(=O)O)c1ccc(CC2CCCC2=O)cc1,0
CC12CCC(=O)C=C1CCC1C2C(O)CC2(C)C(C(=O)CO)CCC12,0
CC(=O)C1CCC2C3CCC4=CC(=O)CCC4(C)C3CCC12C,0
O=C(O)CCC(C(=O)O)N1C(=O)c2ccccc2C1=O,0
CN1C(=O)CCC1c1cccnc1,0
Cn1c(=O)c2[nH]c(-c3ccccc3)nc2n(C)c1=O,0
Cn1c(=O)c2[nH]c(C3CCCC3)nc2n(C)c1=O,0
COCc1nc2c([nH]1)c(=O)n(C)c(=O)n2CC(C)C,0
CC(C)Cn1c(=O)n(C)c(=O)c2[nH]cnc21,0
NC(=O)CN1CC(O)CC1=O,0
Cc1ccc(=O)n(-c2ccccc2)c1,0
O=C1N(c2ccccc2)c2ccccc2C1(Cc1ccncc1)Cc1ccncc1,0
CCN1C(=O)C=CC1=O,0
C#CCn1c(=O)c2c(ncn2C)n(C)c1=O,0
C#Cc1ccc2c(c1)C(=O)N(C)Cc1c(C(=O)OCCCOC(=O)c3ncn4c3CN(C)C(=O)c3cc(C#C)ccc3-4)ncn1-2,0
CCCn1c(=O)c2[nH]c(C3CCCC3)nc2n(CCC)c1=O,0
CCCn1c(=O)c2c(ncn2C)n(CCC)c1=O,0
C[N+](C)(CCCCCC[N+](C)(C)CCCN1C(=O)c2cccc3cccc(c23)C1=O)CCCN1C(=O)c2cccc3cccc(c23)C1=O,0
NC(=O)CN1CCCC1=O,0
C[N+](C)(C)CC#CCN1CCCC1=O,0
O=C1CCCN1CC#CCN1CCCC1,0
CC(=O)CCCCn1c(=O)c2c(ncn2C)n(C)c1=O,0
CCCn1cnc2c1c(=O)n(CCCCC(C)=O)c(=O)n2C,0
O=C1CC2(CCCC2)CC(=O)N1CCCCN1CCN(c2ncccn2)CC1,0
CC(C)COC(=O)OCN1C(=O)CN(CCN2CC(=O)N(COC(=O)OCC(C)C)C(=O)C2)CC1=O,0
CCCCC1C(=O)N(c2ccccc2)N(c2ccccc2)C1=O,0
NC1CCN(O)C1=O,0
CC(C)(C)NC(=O)C1CCC2C3CCC4NC(=O)C=CC4(C)C3CCC12C,0
Nc1cc(=O)[nH]c(N)n1,0
Nc1nc2[nH]c(=O)cnc2c(=O)[nH]1,0
CC(O)C(O)C1CNc2nc(N)[nH]c(=O)c2N1,0
CC(O)C(=O)C1=Nc2c(nc(N)[nH]c2=O)NC1,0
Nc1nc2c(ncn2COC(CO)CO)c(=O)[nH]1,0
Nc1nc2c(ncn2COCCO)c(=O)[nH]1,0
O=Nc1c(-c2c(O)[nH]c3ccccc23)[nH]c2ccccc12,0
O=c1[nH]cnc2[nH]ncc12,0
O=C(C1CCCCC1)N1CC(=O)N2CCc3ccccc3C2C1,0
O=c1c2ccccc2nc2n1CCc1c-2[nH]c2ccccc12,0
Nc1ccc2c3c(cccc13)C(=O)NC2=O,0
O=C1CCC(N2C(=O)c3ccccc3C2=O)C(=O)N1,0
CCC1(c2ccc(N)cc2)CCC(=O)NC1=O,0
NC(Cn1ccc(=O)[nH]c1=O)C(=O)O,0
CCCn1c(=O)[nH]c(=O)c2[nH]cnc21,0
O=C1NC(=O)C(c2ccccc2)(c2ccccc2)N1,0
O=c1[nH]c(=O)c2nc3ccccc3nc2[nH]1,0
Cc1[nH]c(=O)c(C#N)cc1-c1ccc2nccn2c1,0
Cc1[nH]c(=O)c(C#N)cc1-c1ccncc1,0
O=c1[nH]c2ccccc2c2ccccc12,0
CCCN(CCC)CCc1cccc2c1CC(=O)N2,0
CCCCN1CCC(n2c(=O)[nH]c3ccccc32)CC1,0
O=c1[nH]c2cc([N+](=O)[O-])c([N+](=O)[O-])cc2[nH]c1=O,0
CN1CCN(CC(=O)N2c3ccccc3C(=O)Nc3cccnc32)CC1,0
CCC1(c2ccccc2)C(=O)NCNC1=O,0
CN=C(NC#N)Nc1ccc(C2=NNC(=O)CC2C)cc1,0
O=C1CCC(c2ccc(-n3ccnc3)cc2)=NN1,0
CCC(C)C(=O)OC1CCC=C2C=CC(C)C(CCC3CC(O)CC(=O)O3)C21,0
COc1ccc2c(c1OC)C(=O)OC2C1c2c(cc3c(c2OC)OCO3)CCN1C,0
COc1ccc2c(c1OC)C(=O)OC2C1c2cc3c(cc2CCN1C)OCO3,0
C[N+]1(C)CCc2cc3c(cc2C1C1OC(=O)c2c1ccc1c2OCO1)OCO3,0
Nc1ccn(C2CCC(CO)O2)c(=O)n1,0
NCC1OC(C23CC4CC(CC(C4)C2)C3)Cc2c1ccc(O)c2O,0
CC1CCC/C=C\C2CC(O)CC2(O)C/C=C\C(=O)O1,0
CC1OCC(C[N+](C)(C)C)O1,0
CCCC1OC2CC3C4CCC5=CC(=O)C=CC5(C)C4C(O)CC3(C)C2(C(=O)CO)O1,0
C=CCN1CCC23c4c5ccc(O)c4OC2C(=NNC(=O)c2ccccc2)CCC3(O)C1C5,0
CCCC[N+]1(C)C2CC(OC(=O)C(CO)c3ccccc3)CC1C1OC12,0
CN1C2CC(OC(=O)C(CO)c3ccccc3)CC1C1OC12,0
CC(=O)OC1C(=O)C2(C)C(O)CC3OCC3(OC(C)=O)C2C(OC(=O)c2ccccc2)C2(O)CC(OC(=O)C(O)C(NC(=O)c3ccccc3)c3ccccc3)C(C)=C1C2(C)C,0
Oc1ccc2c3c1OC1C(O)CCC4(O)C(C2)N(CC2CCC2)CCC314,0
Oc1ccc2c3c1OC1c4[nH]c5ccccc5c4CC4(O)C(C2)N(CC2CC2)CCC314,0
C=CCN1CCC23c4c5ccc(O)c4OC2C(=O)CCC3(O)C1C5,0
O=C1CCC2(O)C3Cc4ccc(O)c5c4C2(CCN3CC2CC2)C1O5,0
O=C(O)C1C2CCC(O2)C1C(=O)O,0
N=c1ccn2c(n1)OC1C(O)C(CO)OC12,0
CCC(C)C1OC2(CCC1C)CC1CC(C/C=C(/C)C(OC3CC(OC)C(OC4CC(OC)C(O)C(C)O4)C(C)O3)C(C)/C=C\C=C3\COC4C(O)C(C)=CC(C(=O)O1)C34O)O2,0
CC(C)CC(NC(=O)C1OC1C(=O)O)C(=O)NCCCCN=C(N)N,0
CNC(=O)C1OC(n2cnc3c(N)ncnc32)C(O)C1O,0
CNC(=O)C1OC(n2cnc3c(NCc4ccc(N)cc4)ncnc32)C(O)C1O,0
CCNC(=O)C1OC(n2cnc3c(N)nc(NCCc4ccc(CCC(=O)O)cc4)nc32)C(O)C1O,0
CCNC(=O)C1OC(n2cnc3c(N)ncnc32)C(O)C1O,0
CCCCC#Cc1nc(N)c2ncn(C3OC(C(=O)NCC)C(O)C3O)c2n1,0
CC(=O)C1(O)Cc2c(O)c3c(c(O)c2C(OC2CC(N)C(O)C(C)O2)C1)C(=O)c1ccccc1C3=O,0
CC1OC(C[N+](C)(C)C)CC1O,0
CNc1ccc2oc(CC3OC4(CCC3C)OC(C(C)C(=O)c3ccc[nH]3)C(C)CC4C)nc2c1C(=O)O,0
NCC1OC(OC2C(CO)OC(OC3C(O)C(N)CC(N)C3OC3OC(CO)C(O)C(O)C3N)C2O)C(N)C(O)C1O,0
Cc1cn(C2CC(N=[N+]=[N-])C(CO)O2)c(=O)[nH]c1=O,0
Nc1ccn(C2OC(CO)C(O)C2O)c(=O)n1,0
Nc1ncn(C2OC(CO)C(O)C2O)c(=O)n1,0
Nc1nccc2c1ncn2C1OC(CO)C(O)C1O,0
Nc1nc(Nc2ccccc2)nc2c1ncn2C1OC(CO)C(O)C1O,0
Nc1ncnc2c1ncn2C1OC(CO)C(O)C1O,0
CC(Cc1ccccc1)Nc1ncnc2c1ncn2C1OC(CO)C(O)C1O,0
OCC1OC(n2cnc3c(NC4CC5CCC4C5)ncnc32)C(O)C1O,0
OCC1OC(n2cnc3c(NC4CCCC4O)ncnc32)C(O)C1O,0
CNc1ncnc2c1ncn2C1OC(CO)C(O)C1O,0
OCC1OC(n2cnc3c(NC4CCCC4)ncnc32)C(O)C1O,0
OCC1OC(n2cnc3c(NC4CCCCC4)ncnc32)C(O)C1O,0
OCC1OC(n2cnc3c(Nc4ccccc4)ncnc32)C(O)C1O,0
Cc1ccccc1CNc1ncnc2c1ncn2C1OC(CO)C(O)C1O,0
Nc1ccc(CCNc2ncnc3c2ncn3C2OC(CO)C(O)C2O)cc1,0
OCC1OC(n2cnc3c(NCCc4ccccc4)ncnc32)C(O)C1O,0
NC(=O)c1ncn(C2OC(CO)C(O)C2O)c1O,0
C=CCN1CCC23c4c5ccc(O)c4OC2C(=NN=C2CCC4(O)C6Cc7ccc(O)c8c7C4(CCN6CC=C)C2O8)CCC3(O)C1C5,0
CN(C)CCCOC1C(C(O)CO)OC2OC(C)(C)OC21,0
C=C1C(=O)OC2C1CC/C(C)=C\CCC1(C)OC21,0
Oc1ccc2c3c1OC1c4[nH]c5c(c4CC4(O)C(C2)N(CC2CC2)CCC314)CC1(O)C2Cc3ccc(O)c4c3C1(CCN2CC1CC1)C5O4,0
COc1ccc2c3c1OC1C(=O)CCC4(O)C(C2)N(CC2CC2)CCC314,0
CC1(C(=O)O)C2CCC(O2)C1(C)C(=O)O,0
N=c1c[n+](N2CCOCC2)[n-]o1,0
O=c1cc(O)cc(C=Cc2ccc(O)c(O)c2)o1,0
O=C1OC(=O)C2C3CCC(O3)C12,0
CC12C(=O)OC(=O)C1(C)C1CCC2O1,0
O=C(O)CCc1nc(-c2ccccc2)c(-c2ccccc2)o1,0
O=C1CN(N=Cc2ccc(-c3ccc([N+](=O)[O-])cc3)o2)C(=O)N1,0
OCc1ccc(-c2nn(Cc3ccccc3)c3ccccc23)o1,0
CC1OC(OC2CC(O)C3(CO)C4C(O)CC5(C)C(C6COC(=O)C6)CCC5(O)C4CCC3(O)C2)C(O)C(O)C1O,0
COc1cc(C2c3cc4c(cc3C(OC3OC5COC(C)OC5C(O)C3O)C3COC(=O)C23)OCO4)cc(OC)c1O,0
CCC1C(=O)OCC1Cc1cncn1C,0
COc1cc(C2c3cc4c(cc3C(O)C3COC(=O)C23)OCO4)cc(OC)c1OC,0
O=c1c(-c2ccc(O)cc2)coc2cc(O)ccc12,0
C=CC1(C)CC(=O)C2(O)C(C)(O1)C(OC(C)=O)C(O)C1C(C)(C)CCC(O)C12C,0
O=C1NCC2(CCN(CCc3ccccc3)CC2)O1,0
CC1(C)CCC2=C(O1)c1ccccc1C(=O)C2=O,0
CCCN1CCOC2c3cc(O)ccc3OCC21,0
O=c1c(O)c(-c2ccc(O)cc2O)oc2cc(O)cc(O)c12,0
O=c1cc(-c2ccc(O)cc2)oc2cc(O)cc(O)c12,0
CC(=O)c1c(O)c(C)c(O)c(Cc2c(O)c3c(c(C(=O)C=Cc4ccccc4)c2O)OC(C)(C)C=C3)c1O,0
O=c1ccc2ccc(O)c(O)c2o1,0
CN1CCC2(CCN3CCc4c(oc5ccccc45)C3C2)N(C)C1=O,0
O=C(O)c1cc2cc(Cc3cccnc3)ccc2o1,0
O=Nc1ccc2oc(=O)ccc2c1,0
CCC1(C2=NCCN2)Cc2ccccc2O1,0
CCOC(=O)C12CC1C(=NO)c1ccccc1O2,0
COc1cccc(-c2cc(=O)c3ccccc3o2)c1N,0
CC(C)[N+](C)(CCOC(=O)C1c2ccccc2Oc2ccccc21)C(C)C,0
c1ccc2c(c1)OCC(C1=NCCN1)O2,0
CCn1ccnc1CC1COc2ccccc2O1,0
O=C1NCN(c2ccccc2)C12CCN(CC1COc3ccccc3O1)CC2,0
COc1cccc(OC)c1OCCNCC1COc2ccccc2O1,0
COc1ccc2c(c[n+](C)c3c4cc5c(cc4ccc23)OCO5)c1OC,0
CC1=NN=C(c2ccc(N)cc2)c2cc3c(cc2C1)OCO3,0
CCn1cc(C(=O)O)c(=O)c2cc3c(cc21)OCO3,0
CCn1nc(C(=O)O)c(=O)c2cc3c(cc21)OCO3,0
COC1(C2=NCCN2)COc2ccccc2O1,0
c1ccc2c(c1)CC(N1CCN(c3cccc4c3OCCO4)CC1)C2,0
C[n+]1cc2c3c(ccc2c2ccc4cc5c(cc4c21)OCO5)OCO3,0
c1cnc(N2CCN(Cc3ccc4c(c3)OCO4)CC2)nc1,0
CCN1CCc2nc(N)oc2CC1,0
CC1OC(OC2CC(O)C3(CO)C4C(O)CC5(C)C(C6=CC(=O)OC6)CCC5(O)C4CCC3(O)C2)C(O)C(O)C1O,0
C[N+]1(C)CCOC(O)(c2ccc(-c3ccc(C4(O)C[N+](C)(C)CCO4)cc3)cc2)C1,0
CCC1(O)C(=O)OCc2c1cc1n(c2=O)Cc2cc3ccccc3nc2-1,0
COC1CC=C2CCN3CCC4=C(CC(=O)OC4)C23C1,0
CN(C)CCC=C1c2ccccc2COc2ccccc21,0
COc1cc2nc(N3CCN(C(=O)C4CCCO4)CC3)nc(N)c2cc1OC,0
Nc1ncnc2c1ncn2C1CCCO1,0
CCc1cccc2c3c([nH]c12)C(CC)(CC(=O)O)OCC3,0
COc1cc2nc(N3CCN(C(=O)c4ccco4)CC3)nc(N)c2cc1OC,0
Cc1nc2c([nH]1)c(=O)n(C)c(=O)n2Cc1ccco1,0
C1CCC(N=C(NC23CC4CC(CC(C4)C2)C3)N2CCOCC2)CC1,0
O=C(NCCNCC(O)COc1ccc(O)cc1)N1CCOCC1,0
CCc1c(C)[nH]c2c1C(=O)C(CN1CCOCC1)CC2,0
O=C(OCCN1CCOCC1)C1(c2ccccc2)CCCCC1,0
C1COC(NC(C2CC2)C2CC2)=N1,0
O=C(c1ccc2c(c1)OCCO2)N1CCCCC1,0
NC(Cn1oc(=O)[nH]c1=O)C(=O)O,0
CCOC([O-])=Nc1c[n+](N2CCOCC2)no1,0
O=c1onc2cnc3ccccc3n12,0
Cc1o[nH]c(=O)c1CC(N)C(=O)O,0
CC(C)(C)c1o[nH]c(=O)c1CC(N)C(=O)O,0
O=c1[nH]oc2c1CCNC2,0
NC(C(=O)O)c1cc(=O)[nH]o1,0
NCc1cc(=O)[nH]o1,0
Cc1nc(-c2ccc(-c3ccc(C(=O)N4CCc5cc6c(cc54)C4(CCN(C)CC4)CO6)cc3)c(C)c2)no1,0
COc1ccc(NC(=O)c2ccc(-c3ccc(-c4noc(C)n4)cc3C)cc2)cc1N1CCN(C)CC1,0
CC(C)CC(NC(=O)C(O)C(N)Cc1ccccc1)C(=O)O,0
NC(C(=O)O)C1CC1C(=O)O,0
O=C(O)C1CCCN(CCC=C(c2ccccc2)c2ccccc2)C1,0
O=C(O)C1CCCNC1C(=O)O,0
O=C(O)C1CCCNC1,0
O=C(c1ccccc1)c1ccc2n1CCC2C(=O)O,0
C=C(C)C1CNC(C(=O)O)C1CC(=O)O,0
CC(C)C1CNC(C(=O)O)C1CC(=O)O,0
CC(C(=O)O)c1cccc(C(=O)c2ccccc2)c1,0
NC(C(=O)O)C(O)C(=O)O,0
C=CCC(N)C(=O)O,0
CN(C)C(N)=NCCCC(N)C(=O)O,0
NC(=NCCCC(N)C(=O)O)N[N+](=O)[O-],0
NC(=NCCCC(N)C(=O)O)NO,0
CC(N)=NCCCCC(N)C(=O)O,0
Cc1cc(Cn2cnc3c2CC(C(=O)O)N(C(=O)C(c2ccccc2)c2ccccc2)C3)ccc1N,0
O=C(O)CCC(=O)N1CCCC1C(=O)O,0
O=C(O)C1CC(C(=O)O)N1,0
O=C(O)C1CCN1,0
CC(C=CC1=C(C)CCCC1(C)C)=CC=CC(C)=CC(=O)O,0
NC(=O)C(=O)O,0
Cc1cc(C)c(NC(=O)CC(CC(=O)O)c2cccc3ccccc23)c(C(=O)N2CCC3(CCCC3)CC2)c1,0
CNC(CC(=O)O)C(=O)O,0
NC1C=CC=C(C(=O)O)C1,0
C=C(C)C1CC=C(C(=O)O)CC1,0
O=C(O)C1=CCNCC1,0
O=C(O)C1=CCCNC1,0
NC1(C(=O)O)CCC(C(=O)O)C1,0
NC1(C(=O)O)CC1,0
NC1(C(=O)O)CCc2cc(C(=O)O)ccc21,0
NC1(C(=O)O)CCCCC1,0
O=C(O)c1cc([N+](=O)[O-])ccc1NCCCc1ccccc1,0
CCCCCCCCc1ccc(-c2ccc(C(=O)O)cc2)cc1,0
CC(=Cc1ccc(C(=O)O)cc1)c1ccc2c(c1)C(C)(C)CCC2(C)C,0
CC(N)(C(=O)O)c1ccc(C(=O)O)cc1,0
O=C(O)CCC(NC(=O)c1ccccc1C(=O)O)C(=O)O,0
O=C(O)c1ccccc1Nc1ccccc1,0
O=C(O)c1cccnc1C(=O)O,0
O=C(O)C1CCNCC1,0
CCCCc1ccc(C(=O)O)nc1,0
NC(N)=NC(CCC(=O)O)C(=O)O,0
CN(Cc1cnc2nc(N)nc(N)c2n1)c1ccc(C(=O)NC(CCC(=O)O)C(=O)O)cc1,0
Nc1nc(N)c2nc(CNc3ccc(C(=O)NC(CCC(=O)O)C(=O)O)cc3)cnc2n1,0
CC1(C)CCC(NC(=O)C(N)CCC(=O)O)CC1,0
C#CC(N)CCC(=O)O,0
C=CC(N)CCC(=O)O,0
CCCN(CCC)C(=O)C(CCC(=O)O)NC(=O)c1ccccc1,0
O=C(O)CC[N+](=O)[O-],0
NCC1(CC(=O)O)CCCCC1,0
O=C(O)Cc1cnc[nH]1,0
NC(CCCC(=O)O)C(=O)O,0
CCCCCC(O)CCCC(=O)O,0
CCCCCCCCCCCC=CC(C)(C)C=CCCCC(=O)O,0
O=C(O)CCCCCCCC(=O)O,0
NCCCCCC(=O)O,0
NCCCCC(=O)O,0
NCCCC(=O)O,0
O=C(O)CN(CCN(CC(=O)O)CC(=O)O)CCN(CC(=O)O)CC(=O)O,0
CCCCCC=CCC=CCC=CCC=CCCCC(=O)NCC(=O)O,0
CC(C)(C(=O)O)c1ccc(C(O)CCCN2CCC(C(O)(c3ccccc3)c3ccccc3)CC2)cc1,0
CC(C)(C)c1ccc(C(O)CCCN2CCC(C(O)(c3ccccc3)c3ccccc3)CC2)cc1,0
OC(CCN1CCCCC1)(c1ccccc1)C1CCCCC1,0
CCN(Cc1ccncc1)C(=O)C(CO)c1ccccc1,0
CCCCCC(CC(=O)NO)C(=O)NC(C(=O)N1CCCC1CO)C(C)C,0
CCCCCCCCCCCCCC=CC(O)C(N)CO,0
CCCCCCCCCCCCCCCC(O)C(N)CO,0
CCC(CO)NC(=O)C1C=C2c3cccc4c3c(cn4C)CC2N(C)C1,0
CCC(CO)Nc1nc(NCc2ccccc2)c2ncn(C(C)C)c2n1,0
CC12CCC(=O)C=C1CCC1C2C(=O)CC2(C)C1CCC2(O)C(=O)CO,0
CC12CCC(=O)C=C1CCC1C2C(O)CC2(C)C1CCC2(O)C(=O)CO,0
CC12CCC(=O)C=C1CCC1C2C(O)CC2(C)C1CCC2(O)C(=O)COC(=O)CCC(=O)O,0
CC(=O)C1(O)CCC2C3CCC4=CC(=O)CCC4(C)C3CCC21C,0
CC(=O)OCC(=O)C1(O)CCC2C3CCC4=CC(=O)CCC4(C)C3C(=O)CC21C,0
CC#CC1(O)CCC2C3CCC4=CC(=O)CCC4=C3C(c3ccc(N(C)C)cc3)CC21C,0
C#CC1(O)CCC2C3CCC4=Cc5nc6nc7ccccc7n6cc5CC4(C)C3CCC21C,0
CC(C)(C)C1(O)CCN2CC3c4ccccc4CCc4cccc(c43)C2C1,0
CC12CCC3C(CCC4=C(O)C(=O)CCC43C)C1CCC2=O,0
CCN1CC2(C)CCC(O)C34C5CC6C(OC)CC(O)(C(CC23)C14)C5C6O,0
CN1CCc2cccc3c2C1Cc1ccc(O)c(O)c1-3,0
C=CCN1CCc2cccc3c2C1Cc1ccc(O)c(O)c1-3,0
CCCN1CCc2cccc3c2C1Cc1ccc(O)c(O)c1-3,0
O=[N+]([O-])c1cc(O)c(O)c([N+](=O)[O-])c1,0
Cc1cc(C(C)(C)C)c(O)c(C)c1CC1=NCCN1,0
CC(C)(C)c1cc(C=C(C#N)C#N)cc(C(C)(C)C)c1O,0
CC(C)(C=O)Cc1cc(C(C)(C)C)c(O)c(C(C)(C)C)c1,0
CC(C)(CO)Cc1cc(C(C)(C)C)c(O)c(C(C)(C)C)c1,0
CC(C)c1cccc(C(C)C)c1O,0
NC(CO)C(=O)NNCc1ccc(O)c(O)c1O,0
N#CC(=Cc1cc(O)c(O)c(O)c1)C(N)=C(C#N)C#N,0
N#CC(C#N)=Cc1cc(O)c(O)c(O)c1,0
CN1CCc2cc(O)cc3c2C1Cc1ccc(O)c(O)c1-3,0
CCCN1CCc2cc(O)cc3c2C1Cc1ccc(O)c(O)c1-3,0
O=C1c2c(O)ccc(O)c2C(=O)c2c(NCCNCCO)ccc(NCCNCCO)c21,0
O=c1[nH]ccc2c(O)cccc12,0
CCCN(CCC)C1CCc2cccc(O)c2C1,0
CCCN(CCc1ccccc1)C1CCc2c(O)cccc2C1,0
CC[N+](C)(C)c1cccc(O)c1,0
NC(C(=O)O)c1cc(O)cc(O)c1,0
CC(Cc1ccc(O)cc1)NCC(O)c1cc(O)cc(O)c1,0
CC(C)(C)NCC(O)c1cc(O)cc(O)c1,0
CC(C)NCC(O)c1cc(O)cc(O)c1,0
CCCN1CCCC(c2cccc(O)c2)C1,0
CNCC(O)c1cccc(O)c1,0
NNCc1cccc(O)c1,0
CCCCCCC(C)(C)c1ccc(C2CC(O)CCC2CCCO)c(O)c1,0
N#CC(C#N)=Cc1ccc([N+](=O)[O-])c(O)c1,0
NCC(O)c1ccc(O)c(O)c1,0
CC(N)C(O)c1ccc(O)c(O)c1,0
CCC(NC(C)C)C(O)c1ccc(O)c(O)c1,0
CC(NC(=O)C(C#N)=Cc1ccc(O)c(O)c1)c1ccccc1,0
N#CC(=Cc1ccc(O)c(O)c1)C(=O)N1CCc2ccccc21,0
N#CC(=Cc1ccc(O)c(O)c1)C(=O)Nc1ccccc1,0
N#CC(=Cc1ccc(O)c(O)c1)C(=O)NCc1ccccc1,0
N#CC(=Cc1ccc(O)c(O)c1)C(=O)NCCc1ccccc1,0
N#CC(=Cc1ccc(O)c(O)c1)C(=O)NCCCc1ccccc1,0
N#CC(=Cc1ccc(O)c(O)c1)C(=O)NCCCNC(=O)C(C#N)=Cc1ccc(O)c(O)c1,0
N#CC(=Cc1c[nH]c2ccccc12)C(=O)c1ccc(O)c(O)c1,0
N#CC(=Cc1ccc(O)c(O)c1)C(=O)c1ccc(O)c(O)c1,0
CC(N)(Cc1ccc(O)c(O)c1)C(=O)O,0
NC(Cc1ccc(O)c(O)c1)C(=O)O,0
COC(=O)C(N)Cc1ccc(O)c(O)c1,0
N#CC(C#N)=Cc1ccc(O)c(O)c1,0
CC(Cc1ccc(O)c(O)c1)(NN)C(=O)O,0
O=C(O)Cc1ccc(O)c(O)c1,0
NCCc1ccc(O)c(O)c1,0
CCCN(CCC)CCc1ccc(O)c(O)c1,0
CC(CCc1ccc(O)cc1)NCCc1ccc(O)c(O)c1,0
CNCCc1ccc(O)c(O)c1,0
CC(=O)NCCc1ccc(O)c(O)c1,0
CCCCCCCCC=CCCCCCCCC(=O)NCCc1ccc(O)c(O)c1,0
Cc1ccc(N(CC2=NCCN2)c2cccc(O)c2)cc1,0
NC(Cc1cc(O)c(O)cc1O)C(=O)O,0
O=C(CCc1ccc(O)cc1)c1c(O)cc(O)cc1O,0
O=C(C=Cc1ccc(O)cc1)c1ccc(O)cc1O,0
CCCN1CCC2c3cc(O)ccc3CCC21,0
Cc1[nH]c2ccc(O)cc2c1CCN,0
NC(Cc1c[nH]c2ccc(O)cc12)C(=O)O,0
CC(N)Cc1c[nH]c2ccc(O)cc12,0
CN1CCC(c2c[nH]c3ccc(O)cc23)CC1,0
O=C(O)Cc1c[nH]c2ccc(O)cc12,0
NCCc1c[nH]c2ccc(O)cc12,0
CC(=O)NCCc1c[nH]c2ccc(O)cc12,0
CNCCc1c[nH]c2ccc(O)cc12,0
C=CCN1CCC2(C)c3cc(O)ccc3CC1C2C,0
CC1C2Cc3ccc(O)cc3C1(C)CCN2CC1CC1,0
CN1CCc2cc(O)c(O)cc2C(c2ccccc2)C1,0
C=CCN1CCc2cc(O)c(O)cc2C(c2ccccc2)C1,0
CN1CCC2(C)c3cc(O)ccc3N(C)C12,0
CCCN(CCC)C1CCc2ccc(O)cc2C1,0
NC1CCc2cc(O)c(O)cc2C1,0
CN1CCC23CCCCC2C1Cc1ccc(O)cc13,0
C=CCN1CCC23CCCCC2C1Cc1ccc(O)cc13,0
CC12CCC3c4ccc(O)cc4CCC3C1CCC2=O,0
Oc1cc2c(cc1O)C1c3ccccc3CNC1CC2,0
NCC(O)c1ccc(O)cc1,0
CC(CN1CCC(Cc2ccccc2)CC1)C(O)c1ccc(O)cc1,0
CC(CCc1ccccc1)NC(C)C(O)c1ccc(O)cc1,0
CC(C(O)c1ccc(O)cc1)N1CCC(Cc2ccccc2)CC1,0
CNCC(O)c1ccc(O)cc1,0
N#CC(=Cc1ccc(O)cc1)C(N)=C(C#N)C#N,0
NNC(=O)c1ccc(O)cc1,0
CCCc1c(-c2ccc(O)cc2)nn(-c2ccc(O)cc2)c1-c1ccc(O)cc1,0
CC(N)(Cc1ccc(O)cc1)C(=O)O,0
COC(=O)C(C)(N)Cc1ccc(O)cc1,0
NCCc1ccc(O)cc1,0
CC(NCCc1ccc(O)cc1)C(O)c1ccc(O)cc1,0
CC(CCc1ccccc1)NCC(O)c1ccc(O)c(C(N)=O)c1,0
O=C(O)C1=CC(=C(c2ccc(O)c(C(=O)O)c2)c2ccc(O)c(C(=O)O)c2)C=CC1=O,0
CC(C)(C)NCC(O)c1ccc(O)c(CO)c1,0
OCc1cc(C(O)CNCCCCCCOCCCCc2ccccc2)ccc1O,0
CC(C=CC1=C(C)CCCC1(C)C)=CC=CC(C)=CC(=O)Nc1ccc(O)cc1,0
Oc1ccc(O)cc1,0
O=C1NC(c2cccc([N+](=O)[O-])c2)=CCN1c1ccccc1O,0
Oc1ccccc1O,0
C[N+](C)(C)CCO,0
OCc1cnc[nH]1,0
CCCCCC=CCC(O)C=Cc1cccc(CC(O)CCCCO)n1,0
OCCN(CCO)c1nc(N2CCCCC2)c2nc(N(CCO)CCO)nc(N3CCCCC3)c2n1,0
OCCN1CCN(CCCN2c3ccccc3C=Cc3ccccc32)CC1,0
CCCCCCCCC=CCCCCCCCC(=O)NCCO,0
CCCCCCCCCCCCCCCC(=O)NCCO,0
Cn1cnc2c(NCc3ccccc3)nc(NCCO)nc21,0
NO,0
N=c1nc(N2CCCCC2)cc(N)n1O,0
CP(=O)(O)C1=CCNCC1,0
CP(=O)(O)CCCN,0
CC1OC1P(=O)(O)O,0
NC(CP(=O)(O)O)C(=O)O,0
O=C(O)CP(=O)(O)O,0
NC(CCP(=O)(O)O)C(=O)O,0
NC(Cc1cccc(-c2ccccc2CP(=O)(O)O)c1)C(=O)O,0
CC(C)(CCP(=O)(O)O)C(=O)O,0
NC(CCCP(=O)(O)O)C(=O)O,0
NC(CCCCCP(=O)(O)O)C(=O)O,0
NCCCP(=O)(O)O,0
O=C(O)C1CN(CCCP(=O)(O)O)CCN1,0
CC(C)(C)c1onc(OCP(=O)(O)O)c1CC(N)C(=O)O,0
CNc1ncnc2c1ncn2C1CC(OP(=O)(O)O)C(COP(=O)(O)O)O1,0
CC(C)CC(NP(=O)(O)OC1OC(C)C(O)C(O)C1O)C(=O)NC(Cc1c[nH]c2ccccc12)C(=O)O,0
NC(COP(=O)(O)O)C(=O)O,0
NC(=O)C1=CN(C2OC(COP(=O)(O)OP(=O)(O)OCC3OC(n4cnc5c(N)ncnc54)C(OP(=O)(O)O)C3O)C(O)C2O)C=CC1,0
C[N+](C)(C)CCOP(=O)(O)OP(=O)([O-])OCC1OC(n2ccc(N)nc2=O)C(O)C1O,0
O=c1ccn(C2OC(COP(=O)(O)OP(=O)(O)O)C(O)C2O)c(=O)[nH]1,0
Nc1ncnc2c1ncn2C1OC(COP(=O)(O)CP(=O)(O)OP(=O)(O)O)C(O)C1O,0
Nc1ncnc2c1ncn2C1OC(COP(=O)(O)OP(=O)(O)OP(=O)(O)OP(=O)(O)OCC2OC(n3cnc4c(N)ncnc43)C(O)C2O)C(O)C1O,0
CCCCCCCCCCCCCCCCCCOCC(COP(=O)([O-])OCC[N+](C)(C)C)OC,0
CCCCCCCCCCCCCCCC(=O)NCC(COP(=O)([O-])OCC[N+](C)(C)C)OCC,0
CCCCCCCCCCCCCCCCCC(=O)NCC(COP(=O)([O-])OCC[N+](C)(C)C)OCC,0
Cc1nc(N=Nc2ccc(C(=O)O)cc2)c(COP(=O)(O)O)c(C=O)c1O,0
CC(C)NP(=O)(NC(C)C)OP(=O)(NC(C)C)NC(C)C,0
Nc1ncnc2c1ncn2C1OC2COP(=O)(O)OC2C1O,0
N#CC(=C(N)Sc1ccccc1N)C(C#N)=C(N)Sc1ccccc1N,0
CSC(N)=NCCCC(N)C(=O)O,0
CC(C)(C)c1ccc(S(=O)(=O)C=CC#N)cc1,0
CCN(CC)CCNC(=O)c1cc(S(C)(=O)=O)ccc1OC,0
CC1=C(CC(=O)O)c2cc(F)ccc2C1=Cc1ccc(S(C)(=O)=O)cc1,0
Cc1ccccc1N1CCN(S(=O)(=O)CC23CCC(CC2NC(=O)C(N)CCS(C)(=O)=O)C3(C)C)CC1,0
CN(C)S(=O)(=O)c1ccc2c(c1)C(=Cc1cc3c([nH]1)CCCC3)C(=O)N2,0
NS(=O)(=O)C#Cc1ccccc1,0
NS(=O)(=O)c1cccc2c1c([N+](=O)[O-])cc1[nH]c(=O)c(=O)[nH]c12,0
CCCCNc1cc(C(=O)O)cc(S(N)(=O)=O)c1Oc1ccccc1,0
CN1CC(NS(=O)(=O)N(C)C)CC2c3cccc4c3c(cn4C)CC21,0
CC1CN(S(=O)(=O)c2cccc3cnccc23)CCN1,0
CC1CCN(CCC2CCCN2S(=O)(=O)c2cccc(O)c2)CC1,0
CC1CNCCN1S(=O)(=O)c1cccc2cnccc12,0
O=S(=O)(c1cccc2cnccc12)N1CCNCC1,0
CC(=O)c1ccc(S(=O)(=O)NC(=O)NC2CCCCC2)cc1,0
Cc1cnc(C(=O)NCCc2ccc(S(=O)(=O)NC(=O)NC3CCCCC3)cc2)cn1,0
CCCCNC(=O)NS(=O)(=O)c1ccc(C)cc1,0
Cc1ccc(S(=O)(=O)NC(=O)NN2CCCCCC2)cc1,0
CCS(=O)(=O)Nc1cccc(C(=C2CCCCC2)c2cnc[nH]2)c1,0
COc1cc(NS(C)(=O)=O)ccc1Nc1c2ccccc2nc2ccccc12,0
CS(=O)(=O)Nc1ccc([N+](=O)[O-])cc1Oc1ccccc1,0
CC(C)NCC(O)c1ccc(NS(C)(=O)=O)cc1,0
Nc1ccc(S(=O)(=O)Nc2ccnn2-c2ccccc2)cc1,0
CNc1cc(NS(=O)(=O)c2ccc(N)cc2)nc(NC)n1,0
NCCNS(=O)(=O)c1cccc2cnccc12,0
NC(N)=NCCNS(=O)(=O)c1cccc2cnccc12,0
Cn1cc(C(=O)OCC2CCN(CCNS(C)(=O)=O)CC2)c2ccccc21,0
COc1[nH]c2ccc(F)cc2c1C(=O)OCC1CCN(CCNS(C)(=O)=O)CC1,0
CNCCNS(=O)(=O)c1cccc2cnccc12,0
CC1=C(CC(=O)O)c2cc(F)ccc2C1=Cc1ccc([S+](C)[O-])cc1,0
Cc1c(OCC(F)(F)F)ccnc1C[S+]([O-])c1nc2ccccc2[nH]1,0
CC12CCC3c4ccc(O)cc4CC(CCCCCCCCC[S+]([O-])CCCC(F)(F)C(F)(F)F)C3C1CCC2O,0
CC(=O)SC1CC2=CC(=O)CCC2(C)C2CCC3(C)C(CCC34CCC(=O)O4)C12,0
CC(=O)SCC[N+](C)(C)C,0
CCCOC(=O)c1c(-c2ccccc2)nc(CC)c(C(=O)SCC)c1CCC,0
CC(C)(Sc1ccc(CCN(CCCCC2CCCCC2)C(=O)NC2CCCCC2)cc1)C(=O)O,0
CSC(=N)N,0
CSc1ccc(C(=O)c2[nH]c(=O)[nH]c2C)cc1,0
CSc1nc(N)c2ncn(C3OC(COP(=O)(O)OP(=O)(O)O)C(O)C3O)c2n1,0
CSc1nc(N)c2ncn(C3OC(COP(=O)(O)OP(=O)(O)OP(=O)(O)O)C(O)C3O)c2n1,0
CC(C)=CCCC(C)=CCCC(C)=CCSc1ccccc1C(=O)O,0
N#CSc1ccc2oc(C3=NCCN3)cc2c1,0
Cn1cnc([N+](=O)[O-])c1Sc1ncnc2nc[nH]c12,0
[N-]=[N+]=Nc1ccc(C(=O)CSCC(NC(=O)CCC(N)C(=O)O)C(=O)NCC(=O)O)cc1,0
CCSC(=N)N,0
Nc1nc(SCc2ccc([N+](=O)[O-])cc2)c2ncn(C3OC(CO)C(O)C3O)c2n1,0
O=[N+]([O-])c1ccc(CSc2ncnc3c2ncn3C2OC(CO)C(O)C2O)cc1,0
CN=C(NC#N)NCCSCc1nc[nH]c1C,0
CNC(=C[N+](=O)[O-])NCCSCc1ccc(CN(C)C)o1,0
N=C(N)SCCc1cnc[nH]1,0
N=C(N)SCCc1cccc(CCSC(=N)N)c1,0
N=C(N)SCCc1ccc(CCSC(=N)N)cc1,0
CCCCCCCCCCCCCCSCC(=O)O,0
CN(C)CCCCSC(=N)N,0
N=C(N)SCCN,0
NC(=O)COc1c(F)cc(SCCNS(=O)(=O)c2ccccc2)cc1F,0
O=C1C(SCCO)=C(SCCO)C(=O)c2ccccc21,0
CCCn1c(=O)c2[nH]c(C3CCCC3)nc2n(CCCOC(=O)c2ccc(S(=O)(=O)F)cc2)c1=O,0
NCCc1ccc(S(=O)(=O)F)cc1,0
CC(=O)NC(C(=O)O)C(C)(C)SN=O,0
NC(CCC(=O)NC(CSN=O)C(=O)NCC(=O)O)C(=O)O,0
Cc1ccc(C(=O)Nc2ccc(S(=O)(=O)O)c3cc(S(=O)(=O)O)cc(S(=O)(=O)O)c23)cc1NC(=O)c1cccc(NC(=O)Nc2cccc(C(=O)Nc3cc(C(=O)Nc4ccc(S(=O)(=O)O)c5cc(S(=O)(=O)O)cc(S(=O)(=O)O)c45)ccc3C)c2)c1,0
O=C(Nc1cccc(C(=O)Nc2ccc(S(=O)(=O)O)c3cc(S(=O)(=O)O)cc(S(=O)(=O)O)c23)c1)Nc1cccc(C(=O)Nc2ccc(S(=O)(=O)O)c3cc(S(=O)(=O)O)cc(S(=O)(=O)O)c23)c1,0
Cc1nc(N=Nc2ccc(S(=O)(=O)O)cc2S(=O)(=O)O)c(COP(=O)(O)O)c(C=O)c1O,0
Cn1c(=O)c2[nH]c(-c3ccc(S(=O)(=O)O)cc3)nc2n(C)c1=O,0
CCCn1c(=O)c2[nH]c(-c3ccc(S(=O)(=O)O)cc3)nc2n(CCC)c1=O,0
C=CCn1c(=O)c2c(nc(-c3ccc(S(=O)(=O)O)cc3)n2C)n(C)c1=O,0
O=S(=O)(O)C1CCNCC1,0
NCCCS(=O)(=O)O,0
CC(CCC(=O)NCCS(=O)(=O)O)C1CCC2C3C(O)CC4CC(O)CCC4(C)C3CC(O)C12C,0
NC(CCC(=O)NCS(=O)(=O)O)C(=O)O,0
NC(CS(=O)O)C(=O)O,0
NCCS(=O)O,0
CC12CCC3C(CC=C4CC(OS(=O)(=O)O)CCC43C)C1CCC2=O,0
COc1cc(C(O)CO)ccc1OS(=O)(=O)O,0
NCCCNCCSP(=O)(O)O,0
CCN(CC)C(=S)SSC(=S)N(CC)CC,0
CC(C)CC(N)CSSCC(N)CC(C)C,0
NCCSSCCN,0
CCN1C(=CC(C)=O)Sc2ccc(OC)cc21,0
CN=c1nc(-c2ccccc2)n(-c2ccccc2)s1,0
N#CC(=Cc1ccc(O)c(O)c1)C(N)=S,0
CC(C)(C)c1cc(C=C(C#N)C(N)=S)cc(C(C)(C)C)c1O,0
NC(=S)c1ccc[n+](C2OC(COP(=O)(O)OP(=O)(O)OCC3OC(n4cnc5c(N)ncnc54)C(OP(=O)([O-])O)C3O)C(O)C2O)c1,0
S=C(NC1CCCCC1)N1CCC(c2cnc[nH]2)CC1,0
NC(=S)NCCCC(N)C(=O)O,0
Oc1ccc(Cn2cc[nH]c2=S)cc1,0
O=c1c2ccccc2[nH]c(=S)n1CCN1CCC(=C(c2ccc(F)cc2)c2ccc(F)cc2)CC1,0
CN1C(C(=O)Nc2ccccn2)=C(O)c2ccccc2S1(=O)=O,0
CC1CCN=C(N)S1,0
COC1(NC(=O)CSCC#N)C(=O)N2C(C(=O)O)=C(CSc3nnnn3C)CSC21,0
CC1=C(C(=O)O)N2C(=O)C(NC(=O)C(N)C3=CCC=CC3)C2SC1,0
CC1=C(C(=O)O)N2C(=O)C(NC(=O)C(N)c3ccccc3)C2SC1,0
CC(=O)OCC1=C(C(=O)O)N2C(=O)C(NC(=O)CCCC(N)C(=O)O)C2SC1,0
CC(=O)OCC1=C(C(=O)O)N2C(=O)C(NC(=O)CSc3ccncc3)C2SC1,0
CCC1SC2(CCN(C)CC2)NC1=O,0
NC(=O)c1cc[n+](CC2=C(C(=O)O)N3C(=O)C(NC(=O)C(c4ccccc4)S(=O)(=O)[O-])C3SC2)cc1,0
C=CC(C)=CC1(C)SC(=O)C(C)=C1O,0
Cc1cnc(NC(=O)C2=C(O)c3ccccc3S(=O)(=O)N2C)s1,0
CC(=O)Nc1nnc(S(N)(=O)=O)s1,0
Cc1nnc(SCC2=C(C(=O)O)N3C(=O)C(NC(=O)Cn4cnnn4)C3SC2)s1,0
CCCCOC(=O)NS(=O)(=O)c1sc(CC(C)C)cc1-c1ccc(Cn2c(CC)nc3c(C)cc(C)nc32)cc1,0
CC1OC(C[N+](C)(C)C)CS1,0
COc1cccc(OC)c1OCCNCC1CSc2ccccc2O1,0
Cc1nc2sccn2c(=O)c1CCN1CCC(=C(c2ccc(F)cc2)c2ccc(F)cc2)CC1,0
CC[n+]1c(C=CC=C2N(C)c3ccccc3C2(C)C)sc2ccccc21,0
CN1CCN(CCC=C2c3ccccc3Sc3ccc(S(=O)(=O)N(C)C)cc32)CC1,0
Oc1ccc(C2CNCc3sccc32)cc1O,0
CN1CCC(=C2c3ccccc3CC(=O)c3sccc32)CC1,0
O=C(c1ccc(OCCN2CCCCC2)cc1)c1c(-c2ccc(O)cc2)sc2cc(O)ccc12,0
Cc1sc2ccccc2c1CC1=NCCN1,0
CN(C)CCCN1c2ccccc2Sc2ccc(C(F)(F)F)cc21,0
CN(C)CCCN1c2ccccc2Sc2ccccc21,0
CN1CCN(CCCN2c3ccccc3Sc3ccc(C(F)(F)F)cc32)CC1,0
OCCN1CCN(CCCN2c3ccccc3Sc3ccc(C(F)(F)F)cc32)CC1,0
COc1ccc(C2Sc3ccccc3N(CCN(C)C)C(=O)C2OC(C)=O)cc1,0
COc1cccc2c1C1CN(CCCCn3c(=O)[nH]c4c(sc5ncc(-c6ccccc6)nc54)c3=O)CC1CO2,0
c1cc(CN2CCCCC2)cc(OCCCNc2nc3ccccc3s2)c1,0
CC#CCOC(=O)c1c(C)nc2sc3c(c2c1N)CCC(O)C3,0
Nc1nc2ccc(OC(F)(F)F)cc2s1,0
CON=C(C(=O)NC1C(=O)N2C(C(=O)O)=C(COC(C)=O)CSC12)c1csc(N)n1,0
CON=C(C(=O)NC1C(=O)N2C(C(=O)O)=C(CSc3nc(=O)c(=O)[nH]n3C)CSC12)c1csc(N)n1,0
Cc1scc2c1N(C(=O)CN1CCN(C)CC1)c1ccccc1NC2=O,0
COC(=O)Nc1nc2ccc(C(=O)c3cccs3)cc2[nH]1,0
CC(=O)OCC1=C(C(=O)O)N2C(=O)C(NC(=O)Cc3cccs3)C2SC1,0
CN(C)CCN(Cc1cccs1)c1ccccn1,0
CC(N)Cc1c[nH]c2ccc(OCc3cccs3)cc12,0
Cc1cccc(C)c1NC1=NCCCS1,0
c1ccc(C2CN3CCSC3=N2)cc1,0
S=C(Nc1ccccc1)Nc1nccs1,0
NCCNC(=O)c1ncsc1-c1cccc(F)c1,0
Cc1cc(NC(=O)Nc2ccc3c(ccn3C)c2)sn1,0
CC(C)(C)NCC(O)COc1nsnc1N1CCOCC1,0
S=C(S)N1CCCC1,0
S=C(S)OC1CC2CC1C1CCCC21,0
O=C(O)CNC(=O)C(CS)Cc1ccccc1,0
NCCS,0
NCC=CC(=O)O,0
CN(C)CCC(c1ccc(Br)cc1)c1ccccn1,0
CN(C(=O)Cc1ccc(Cl)c(Cl)c1)C1CCCCC1N1CCCC1,0
CN(C)CCC(c1ccc(Cl)cc1)c1ccccn1,0
C[N+]1(C)C2CC(OC(=O)C(CO)c3ccccc3)CC1C1OC12,0
Cc1c(C(=O)c2cccc3ccccc23)c2cccc3c2n1C(CN1CCOCC1)CO3,0
CC(C)Cc1ccc(C(C)C(=O)O)cc1,0
CNCC(O)c1ccc(O)c(O)c1,0
CC(C)NCC(O)c1ccc(O)c(O)c1,0
CCN1CCCC1CNC(=O)c1cc(S(N)(=O)=O)ccc1OC,0
c1ccc2c(c1)[I+]c1ccccc1-2,0
C[N+](C)(C)CCCCCC[N+](C)(C)C,0
OCC1OC(S)C(O)C(O)C1O,0
Brc1c(NC2=NCCN2)ccc2nccnc12,0
O=c1cc(-c2ccccc2)[nH]c2nc(Cl)ccc12,0
CC(CN(C)C)CN1c2ccccc2CCc2ccccc21,0
CN1CCN(c2ccc3ccccc3n2)CC1,0
O=[N+]([O-])c1ccc2nc(N3CCNCC3)ccc2c1,0
CC(C)N(CCC(C(N)=O)(c1ccccc1)c1ccccn1)C(C)C,0
Cc1cn(C2C=CC(CO)O2)c(=O)[nH]c1=O,0
CC1Cc2cc3c(cc2C(c2ccc(N)cc2)=NN1)OCO3,0
CN(C(=O)Cc1ccccc1)C1CCC2(CCCO2)CC1N1CCCC1,0
NC1CONC1=O,0
C=Cc1c(C)c2cc3[nH]c(cc4nc(cc5nc(cc1[nH]2)C(C)=C5CCC(=O)O)C(CCC(=O)O)=C4C)c(C)c3C=C,0
CS(=N)(=O)CCC(N)C(=O)O,0
CCCCS(=N)(=O)CCC(N)C(=O)O,0
NS(=O)(=O)Cc1noc2ccccc12,0
N=C1Sc2ccccc2C2=NCCCN12,0
C#CCN(C)C(C)Cc1ccccc1,0
Nc1c2c(nc3ccccc13)CCCC2,0
COc1cc2c3cc1Oc1c(OC)c(OC)cc4c1C(Cc1ccc(O)c(c1)Oc1ccc(cc1)CC3N(C)CC2)N(C)CC4,0
C=C1c2cccc(O)c2C(O)=C2C(=O)C3(O)C(O)=C(C(N)=O)C(=O)C(N(C)C)C3C(O)C12,0
NC1CC1c1ccccc1,0
NCCc1cnc[nH]1,0
CC(C=CC=C(C)C=CC1=C(C)CCCC1(C)C)=CC=CC=C(C)C=CC=C(C)C=CC1=C(C)CCCC1(C)C,0
CC(CCCN(C)C)C1CCC2C3CCC4CCCCC4(C)C3CCC12C,0
CC(C)CCCC(C)C1CCC2C3CC=C4CC(O)CCC4(C)C3CCC12C,0
CCC=CCC=CCC=CCC=CCC=CCCCC(=O)NCCO,0
COc1ccc(OC)c2c1CCCC2=O,0
O=C1CCCc2ccc(O)cc21,0
NC(Cc1ccccc1)C(=O)O,0
O=C(O)C=Cc1cnc[nH]1,0
O=C(CO)CO,0
O=CC(O)CO,0
O=CC(O)C1OC(=O)C(O)C1O,0
CCC(=O)O,0
O=CC(O)C(O)C(O)C(O)CO,0
CO,0
CC1(C)SC2C(NC(=O)C(C(=O)O)c3ccccc3)C(=O)N2C1C(=O)O,0
C=C(C)C1C2OC(=O)C1C1(O)CC3OC34C(=O)OC2C14C,0
CC(C=CC1=C(C)CCCC1(C)C)=CC=CC(C)=CCO,0
O=C1CCC(=O)N1,0
CCN(CC)CCN1C(=O)CN=C(c2ccccc2F)c2cc(Cl)ccc21,0
CCCCC(=O)OC1(C(=O)CO)C(C)CC2C3CCC4=CC(=O)C=CC4(C)C3(F)C(O)CC21C,0
NC(Cc1cc(I)c(Oc2ccc(O)c(I)c2)c(I)c1)C(=O)O,0
CC(C)(C)NCC(O)COc1cccc2c1CC(O)C(O)C2,0
CC12CCC3C(CC=C4CC(O)CCC43C)C1CCC2=O,0
CC12C=CC(=O)C=C1CCC1C2C(=O)CC2(C)C1CCC2(O)C(=O)CO,0
CCCc1ncc(C[n+]2ccccc2C)c(N)n1,0
C[n+]1cccc(C(N)=O)c1,1
Cn1c(=O)[nH]c2nc[nH]c2c1=O,1
COc1cc(C2Oc3cc(-c4oc5cc(O)cc(O)c5c(=O)c4O)ccc3OC2CO)ccc1O,1
O=C(O)c1ccnc(C(=O)O)c1,1
CC(C)(C)c1cc(O)c(C(C)(C)C)cc1O,1
CCC1(CC)CCNC1=O,1
CC1CCC2(C(=O)O)CCC3(C)C(=CCC4C5(C)CCC(O)C(C)(C)C5CCC43C)C2C1C,1
CC(CCCC(C)C1CCC2C3CCC4=CC(=O)CCC4(C)C3CCC12C)C(=O)O,1
O=C(C=Cc1ccccc1)OCC1(O)C(O)C(O)C2C=COC(OC3OC(CO)C(O)C(O)C3O)C21,1
CC(C)CC(=O)C(=O)O,1
N#Cc1c(-c2ccccc2)no[n+]1[O-],1
CCCCCC=CC(=O)CCc1ccc(O)c(OC)c1,1
Nc1ncnc2c1c(-c1ccc(Oc3ccccc3)cc1)cn2C1CCCC1,1
Cn1cnc2[nH]c(=O)[nH]c(=O)c21,1
O=C(O)C=CCCCCCCCO,1
CC1(C(=O)O)CCC2(C)CCC3(C)C(=CC(=O)C4C5(C)CCC(O)C(C)(C)C5CCC43C)C2C1,1
CC(=O)Nc1ccc(O)cc1,1
NCCCCN=C(N)N,1
CC(N)C(=O)O,1
NC(=O)NC1NC(=O)NC1=O,1
CCC(C)C(=O)C(=O)O,1
CC(C)C(=O)C(=O)O,1
O=C(O)CCC(=O)C(=O)O,1
O=C(O)CCCCC1CCSS1,1
CC(=CCCC1(C)C2CC3C(C2)C31C)CO,1
c1ccc(C(NCCNC(c2ccccc2)c2ccccc2)c2ccccc2)cc1,1
Clc1ccc2c(c1)C(N1CCNCC1)=Nc1ccccc1O2,1
CCNC(=O)N1CCN(CCCC(c2ccc(F)cc2)c2ccc(F)cc2)CC1,1
CC1(C)SC2C(NC(=O)C(N)c3ccccc3)C(=O)N2C1C(=O)O,1
OCC1OC(Oc2ccc(O)cc2)C(O)C(O)C1O,1
COc1cc(CC2C(=O)OCC2Cc2ccc(OC)c(OC)c2)ccc1O,1
COc1ccc(CC2COC(=O)C2Cc2ccc(OC3OC(CO)C(O)C(O)C3O)c(OC)c2)cc1OC,1
O=C1OC(C(O)CO)C(O)=C1O,1
CC(=O)CCC(C)OC1OC(C)C(O)CC1O,1
CC(CCCCC=CC(=O)O)OC1OC(C)C(O)CC1O,1
NC(=O)CC(N)C(=O)O,1
CC(=O)Oc1ccccc1C(=O)O,1
O=[N+]([O-])c1ccc(-c2csc(CCl)n2)cc1,1
O=c1cc(-c2ccccc2)oc2cc(O)c(O)c(O)c12,1
NCCC(=O)O,1
C=C1CCC=C(C)CCC2C1CC2(C)C,1
CC12CCC3c4ccc(O)cc4CCC3C1CCC2O,1
C=C1C2CCC(C2)C1(C)CCC=C(C)CO,1
CC(C)(Oc1ccc(CCNC(=O)c2ccc(Cl)cc2)cc1)C(=O)O,1
OC(CN1CCN(c2cccc(Cl)c2)CC1)C(c1ccccc1)c1ccccc1,1
Cc1ccc([N+](=O)[O-])cc1S(=O)(=O)N(C)C,1
c1ccc2sc(C3(N4CCCCC4)CCCCC3)cc2c1,1
COc1cc(C(C)(C)C)c(O)c(C(C)(C)C)c1,1
O=C(O)C=Cc1ccc(O)c(O)c1,1
O=C(C=Cc1ccc(O)c(O)c1)OCCc1ccccc1,1
Cn1c(=O)c2c(ncn2C)n(C)c1=O,1
COc1ccc(-c2coc3cc(O)ccc3c2=O)cc1O,1
CCCCCCCC(=O)O,1
N#CC(C#N)=NNc1cccc(Cl)c1,1
Oc1cc(O)c2c(c1)OC(c1ccc(O)c(O)c1)C(O)C2,1
CC1=C(O)C(=O)C=C2C1=CC=C1C2(C)CCC2(C)C3CC(C)(C(=O)O)CCC3(C)CCC12C,1
Cc1ccc(-c2cc(C(F)(F)F)nn2-c2ccc(S(N)(=O)=O)cc2)cc1,1
O=C1CSC(c2ccccc2Cl)c2cc(Cl)ccc2N1,1
O=C(NC(CO)C(O)c1ccc([N+](=O)[O-])cc1)C(Cl)Cl,1
CN(C)CCC=C1c2ccccc2Sc2ccc(Cl)cc21,1
Cc1cc(C2CCCCC2)n(O)c(=O)c1,1
OCCN1CCN(CCC=C2c3ccccc3Sc3ccc(C(F)(F)F)cc32)CC1,1
CCCCCCC=CCCCCCCCCCC(=O)O,1
O=C(O)CC(O)(CC(=O)O)C(=O)O,1
CCOC(=O)C(C)(C)Oc1ccc(Cl)cc1,1
CNc1cccc2c(S(=O)(=O)NCCCCN3CCN(c4ccccc4OC)CC3)cccc12,1
CN(CC(=O)O)C(=N)N,1
COc1cc(C=CC(=O)CC(=O)C=Cc2ccc(O)c(OC)c2)ccc1O,1
CC(=O)OC1(C(C)=O)CCC2C3C=C(Cl)C4=CC(=O)C5CC5C4(C)C3CCC21C,1
NC(CS)C(=O)O,1
CC(CCCC(C)C1CCC2C3CCC4CC(=O)CCC4(C)C3CCC12C)C(=O)O,1
Cc1cccc(C)c1OCc1cc(C(=O)N2CCC(c3ccncc3)CC2)no1,1
CC1(C)CCc2c(ccc3c2OC(=Cc2ccc(O)cc2)C3=O)O1,1
C#CC1(O)CCC2C3CCC4=Cc5oncc5CC4(C)C3CCC21C,1
O=C1NC(=O)c2cc(Nc3ccccc3)c(Nc3ccccc3)cc21,1
CC(O)CC(=O)O,1
CC(C)c1ccc2c(c1)CCC1C(C)(C(=O)O)CCCC21C,1
CN(C)C1C(=O)C(C(N)=O)=C(O)C2(O)C(=O)C3=C(O)c4c(O)ccc(Cl)c4C(O)C3CC12,1
NC1C(O)OC(CO)C(O)C1O,1
OCC1OC(O)C(O)C(O)C1O,1
C=CCSSSCC=C,1
O=C(O)C(Br)Br,1
O=C(O)C(Cl)Cl,1
CCOC(=O)C=CC(=O)OCC,1
CC(C)C1(NC(=O)C2CC3c4cccc5[nH]cc(c45)CC3N(C)C2)OC2(O)C3CCCN3C(=O)C(Cc3ccccc3)N2C1=O,1
CN1CC(C(=O)NC2(C)OC3(O)C4CCCN4C(=O)C(Cc4ccccc4)N3C2=O)CC2c3cccc4[nH]cc(c34)CC21,1
CN(C)C=O,1
CSC,1
C[S+](C)[O-],1
CC1CCC2(OC1)OC1CC3C4CC=C5CC(O)CCC5(C)C4CCC3(C)C1C2C,1
O=C(O)CC(C(=O)O)C(O)C(=O)O,1
CC(O)C(=O)O,1
COc1cc2nc(N3CCN(C(=O)C4COc5ccccc5O4)CC3)nc(N)c2cc1OC,1
CC1c2cccc(O)c2C(O)=C2C(=O)C3(O)C(O)=C(C(N)=O)C(=O)C(N(C)C)C3C(O)C21,1
CC1OC(OC2C(O)C(OCCc3ccc(O)c(O)c3)OC(COC3OC(CO)C(O)C(O)C3O)C2OC(=O)C=Cc2ccc(O)c(O)c2)C(O)C(O)C1O,1
O=C(O)CN(CCN(CC(=O)O)CC(=O)O)CC(=O)O,1
OC(CN1CCC(Cc2ccc(F)cc2)CC1)c1ccc(Cl)cc1,1
O=c1oc2c(O)c(O)cc3c(=O)oc4c(O)c(O)cc1c4c23,1
CCn1cc(C(=O)O)c(=O)c2cc(F)c(N3CCNCC3)nc21,1
O=C(OC1Cc2c(O)cc(O)cc2OC1c1cc(O)c(O)c(O)c1)c1cc(O)c(O)c(O)c1,1
CC[n+]1c(-c2ccccc2)c2cc(N)ccc2c2ccc(N)cc21,1
CCC1(C)CC(=O)NC1=O,1
Oc1ccccc1C=NCCN=Cc1ccccc1O,1
COc1cccc(C=NCCN=Cc2cccc(OC)c2O)c1O,1
N#CC(C#N)=NNc1ccc(OC(F)(F)F)cc1,1
CC(C)OC(=O)C(C)(C)Oc1ccc(C(=O)c2ccc(Cl)cc2)cc1,1
Nc1nc2ncc(CNc3ccc(C(=O)NC(CCC(=O)O)C(=O)O)cc3)nc2c(=O)[nH]1,1
CC(=O)OC1CC(C)(C)C(=C=CC(C)=CC=CC(C)=CC=CC=C(C)C=CC=C(C)C(=O)CC23OC2(C)CC(O)CC3(C)C)C(C)(O)C1,1
O=C(O)C=CC(=O)O,1
O=C(O)c1cc(O)c(O)c(O)c1,1
Cc1c(O)cc2c(c1C)OC(C)(CCCC(C)CCCC(C)CCCC(C)C)CC2,1
C=CCS[S+]([O-])CC=C,1
O=c1c(-c2ccc(O)cc2)coc2cc(O)cc(O)c12,1
CCC(C)(O)C(=O)OC1C(=O)OC2CC3C(C)=CC(=O)C(O)C3(C)C3C4(O)OCC23C1C(C)C4O,1
NC(CCC(=O)NC(CS)C(=O)NCC(=O)O)C(=O)O,1
OCC(O)CO,1
NCC(=O)O,1
NC(N)=NN=Cc1c(Cl)cccc1Cl,1
NC(N)=NC(=O)Cc1c(Cl)cccc1Cl,1
COc1ccc(P(=S)(S)N2CCOCC2)cc1,1
NC(Cc1cnc[nH]1)C(=O)O,1
NC(CCS)C(=O)O,1
O=C(O)C1C2C=CC(C2)C1C(=O)O,1
CC=C1C2C=C(C)CC1(N)c1ccc(=O)[nH]c1C2,1
NC(=O)c1ccc[n+](C2OC(COP(=O)([O-])OP(=O)(O)OCC3OC(n4cnc5c(N)ncnc54)C(O)C3O)C(O)C2O)c1,1
COc1ccc(-c2oc3c(CC=C(C)C)c(OC4OC(CO)C(O)C(O)C4O)cc(O)c3c(=O)c2OC2OC(C)C(O)C(O)C2O)cc1,1
CCC1C(C)CC2C1C=CC1C3C/C=C\C(=O)NCCCC4NC(=O)/C(=C(O)/C=C\C3CC12)C4=O,1
c1ccc2[nH]ccc2c1,1
OC1C(O)C(O)C(O)C(O)C1O,1
CCC(C)C(N)C(=O)O,1
C=C(C)CCO,1
O=C1C=CC(=O)c2c(O)cccc21,1
O=C1Cc2c([nH]c3ccc(Br)cc23)-c2ccccc2N1,1
O=C(c1ccc(F)cc1)C1CCN(CCn2c(=O)[nH]c3ccccc3c2=O)CC1,1
COc1cc(C2CC(=O)c3c(O)cc(OC4OC(COC(C)=O)C(O)C(O)C4O)cc3O2)ccc1O,1
COc1cc(C2Oc3c(OC)cc(CC4COC(=O)C4Cc4cc(OC)c5c(c4)C(CO)C(c4ccc(O)c(OC)c4)O5)cc3C2CO)ccc1O,1
CC(O)=C(C#N)C(=O)Nc1cc(Br)ccc1Br,1
COC(=O)C(N)Cc1cnc[nH]1,1
Cl,1
CC(C)CC(N)C(=O)O,1
O=C(O)c1nn(Cc2ccc(Cl)cc2Cl)c2ccccc12,1
CCOC(=O)N1CCC(=C2c3ccc(Cl)cc3CCc3cccnc32)CC1,1
CN1CCN(C2=Nc3ccccc3Oc3ccc(Cl)cc32)CC1,1
CCNC(=O)CCC(N)C(=O)O,1
O=c1cc(-c2ccc(O)c(O)c2)oc2cc(O)cc(O)c12,1
CC(C)C(N)C(=O)O,1
Nc1ccc(CCN2CCN(c3cccc(C(F)(F)F)c3)CC2)cc1,1
O=S1(=O)N(CCN2CC=C(c3c[nH]c4cc(F)ccc34)CC2)c2cccc3c2N1CCC3,1
O=c1cc(N2CCOCC2)oc2c(-c3ccccc3)cccc12,1
NCCCCC(N)C(=O)O,1
Cc1ccc(CC(NC(=O)OC(C)(C)C)C(=O)O)cc1,1
COc1cc(CC2COC(=O)C2Cc2ccc(O)c(OC)c2)ccc1O,1
CN1CC(CNC(=O)OCc2ccccc2)CC2c3cccc4c3c(cn4C)CC21,1
CN(C)C(=N)N=C(N)N,1
CSCCC(N)C(=O)O,1
COC(=O)c1ccc(O)c(O)c1,1
CCC(CO)NC(=O)C1C=C2c3cccc4[nH]cc(c34)CC2N(C)C1,1
CN1CCN2c3ccccc3Cc3ccccc3C2C1,1
CN(C)c1ccc(O)c2c1CC1CC3C(N(C)C)C(=O)C(C(N)=O)=C(O)C3(O)C(=O)C1=C2O,1
CN1CC=C(c2ccccc2)CC1,1
CC(=CC=CC(C)C(=O)O)C1CNC(C(=O)O)C1CC(=O)O,1
O=c1c(O)c(-c2cc(O)c(O)c(O)c2)oc2cc(O)cc(O)c12,1
COC(=CC(N)=O)C(C)C(C=Cc1csc(-c2csc(C(C)C=CC=CC(C)C)n2)n1)OC,1
COc1cccc(C(=O)NCCN2CCN(c3ccc(Cl)cc3)CC2)c1,1
CC(=O)NC1C(O)OC(CO)C(O)C1O,1
CC(=O)NC(CS)C(=O)O,1
CC(=O)NC(Cc1cnc[nH]1)C(=O)O,1
COc1ccccc1N1CCN(CC(O)COc2cccc3ccccc23)CC1,1
O=C1C=CC(=O)c2c(O)ccc(O)c21,1
CC1OC(OC2C(Oc3cc(O)c4c(c3)OC(c3ccc(O)cc3)CC4=O)OC(CO)C(O)C2O)C(O)C(O)C1O,1
NC(=O)c1cccnc1,1
CCOC(=O)C1=C(C)NC(C)=C(C(=O)OC)C1c1cccc([N+](=O)[O-])c1,1
O=[N+]([O-])C1CNCCN1c1ccccc1,1
CN(C)N=O,1
CNCCC=C1c2ccccc2CCc2ccccc21,1
CN1CCN(C2Cc3ccccc3Sc3ccc(Cl)cc32)CC1,1
CC1(C)CCC2(C(=O)O)CCC3(C)C(=CCC4C5(C)CCC(O)C(C)(C)C5CCC43C)C2C1,1
CCCCCC=CCC=CCCCCCCCC(=O)O,1
NCCCC(N)C(=O)O,1
O=C(O)CC(=O)C(=O)O,1
O=c1[nH]c2ccccc2n1CCCN1CCN(C(c2ccccc2)c2ccccc2)CC1,1
O=c1c(=O)c(=O)c2ccccc2c1=O,1
Oc1cc(O)cc(C=Cc2ccc(O)cc2O)c1,1
CCCCCCC=CCCCCCCCC(=O)O,1
C[n+]1ccc(-c2cc[n+](C)cc2)cc1,1
CC(C)(O)C1OC2CCC3(C)C(O)(CCC4Cc5c([nH]c6ccccc56)C43C)C2=CC1=O,1
CCCN1CC(CSC)CC2c3cccc4[nH]cc(c34)CC21,1
NC(N)=NC(N)=NCCc1ccccc1,1
CC1OC(OCC2OC(Oc3cc(CCO)ccc3O)C(O)C(O)C2O)C(O)C(O)C1O,1
CCCCCCCCCCCCCCCCCCOCC(COP(=O)(O)OC1C(OCC2CCCCC2)CC(O)C(O)C1O)OC,1
C=C(OP(=O)(O)O)C(=O)O,1
O=C(O)c1ccccn1,1
CS(=O)(=O)N1CCN(Cc2cc3nc(-c4cccc5[nH]ncc45)nc(N4CCOCC4)c3s2)CC1,1
CC=C(C)C(O)C(C)C=C(C)C=CCC(C)=CCc1[nH]c(OC)c(OC)c(=O)c1C,1
CC1=CC(=O)c2c(O)cccc2C1=O,1
OCC1OC(Oc2cc(O)cc(C=Cc3ccc(O)cc3)c2)C(O)C(O)C1O,1
OCC1OC(Oc2c(O)cc(O)cc2C=Cc2ccc(O)cc2)C(O)C(O)C1O,1
CC(=O)C1CCC2C3CC=C4CC(O)CCC4(C)C3CCC12C,1
COc1c(O)cc(C2Oc3c(c(O)cc(O)c3C3c4c(O)cc(O)cc4OC(c4ccc(O)cc4)C3O)CC2O)cc1O,1
Oc1cc(O)c2c(c1)OC(c1ccc(O)c(O)c1)C(OC1(c3ccc(O)c(O)c3)Oc3cc(O)cc(O)c3C(O)C1O)C2,1
CC(CN1c2ccccc2Sc2ccccc21)N(C)C,1
CCC(=O)c1ccc2c(c1)N(CCCN(C)C)c1ccccc1S2,1
CCCOC(=O)c1cc(O)c(O)c(O)c1,1
O=C(O)c1ccc(O)c(O)c1,1
O=c1ccc2c(OCCCCc3ccccc3)c3ccoc3cc2o1,1
O=c1ccc2cc3ccoc3cc2o1,1
NCCCCN,1
O=C(O)c1cc(C(=O)O)c2c(n1)C(=O)C(=O)c1cc(C(=O)O)[nH]c1-2,1
CC(=O)C(=O)O,1
O=c1c(OC2OC(CO)C(OC3OC(CO)C(O)C(O)C3O)C(O)C2O)c(-c2ccc(O)c(O)c2)oc2cc(O)cc(O)c12,1
O=c1c(O)c(-c2ccc(O)c(O)c2)oc2cc(O)cc(O)c12,1
COC(=O)C1C2CC3c4[nH]c5cc(OC)ccc5c4CCN3CC2CC(OC(=O)c2cc(OC)c(OC)c(OC)c2)C1OC,1
Oc1ccc(C=Cc2cc(O)cc(O)c2)cc1,1
CC=Cc1ccc(OC(C)C(O)c2ccc(O)cc2)cc1,1
OC1COC(O)C(O)C1O,1
COC1/C=C\OC2(C)Oc3c(C)c(O)c4c(O)c(c(C=NN5CCN(C)CC5)c(O)c4c3C2=O)NC(=O)/C(C)=C\C=C/C(C)C(O)C(C)C(O)C(C)C(OC(C)=O)C1C,1
COC1/C=C\OC2(C)Oc3c(C)c(O)c4c(O)c(cc(O)c4c3C2=O)NC(=O)/C(C)=C\C=C/C(C)C(O)C(C)C(O)C(C)C(OC(C)=O)C1C,1
O=C(C=Cc1ccc(O)c(O)c1)OC(Cc1ccc(O)c(O)c1)C(=O)O,1
C=C(C)C1Cc2c(ccc3c2OC2COc4cc(OC)c(OC)cc4C2C3=O)O1,1
NCc1ccccc1O,1
C=CCSSCC(N)C(=O)O,1
c1cc2c(cc1C1OCC3C(c4ccc5c(c4)OCO5)OCC13)OCO2,1
COc1cc(C2C3C=C(C4Oc5cc(O)cc(O)c5C(=O)C4O)C4C2COC4(O)C3=O)ccc1O,1
COc1cc(C2Oc3cc(C4Oc5cc(O)cc(O)c5C(=O)C4O)ccc3OC2CO)ccc1O,1
OCC(O)C(O)C(O)C(O)CO,1
O=C(C=Cc1ccc(O)cc1)OC1C2C=COC(OC3OC(CO)C(O)C(O)C3O)C2C2(CO)OC12,1
NCCCCNCCCN,1
CN(C)c1ccc(C=C2C(=O)Nc3ccccc32)cc1,1
O=C(O)CCC(=O)O,1
Cc1cc(NS(=O)(=O)c2ccc(N)cc2)no1,1
COc1ccc(-c2oc3cc(O)cc(O)c3c(=O)c2O)cc1O,1
C=CCNC1=C2CC(C)CC(OC)C(O)C(C)/C=C(/C)C(OC(N)=O)C(OC)/C=C\C=C(\C)C(=O)NC(=CC1=O)C2=O,1
NCCS(=O)(=O)O,1
O=C1c2c(O)cc(O)cc2OC(c2ccc(O)c(O)c2)C1O,1
CSc1ccc2c(c1)N(CCC1CCCCN1C)c1ccccc1S2,1
CC(O)C(N)C(=O)O,1
CC(C)=CCCC(C)=CCCC(C)=CCCC1(C)CCc2cc(O)ccc2O1,1
CC1CCC2(NC1)OC1CC3C4CCC5CC(O)CCC5(C)C4CCC3(C)C1C2C,1
c1ccc(CN(CCN(Cc2ccccn2)Cc2ccccn2)Cc2ccccn2)nc1,1
Oc1cc(O)c(C=Cc2ccccc2)cc1O,1
COC1=CC(C=Cc2ccccc2)=CC(OC)C1(O)F,1
OCC1OC(OC2OC(CO)C(O)C(O)C2O)C(O)C(O)C1O,1
COc1cc2c(cc1OC)-c1cc(=Nc3c(C)cc(C)cc3C)n(C)c(=O)n1CC2,1
CC(C=CC(=O)NO)=CC(C)C(=O)c1ccc(N(C)C)cc1,1
CN1C(=O)OC(C)(C)C1=O,1
CC(C)C12OC1C1OC13C1(C)CCC4=C(COC4=O)C1CC1OC13C2O,1
Cc1c(C)c2c(c(C)c1O)CCC(C)(C(=O)O)O2,1
NC(Cc1c[nH]c2ccccc12)C(=O)O,1
NC(Cc1ccc(O)cc1)C(=O)O,1
CC(NC(=O)C(N)Cc1ccc(O)cc1)C(=O)O,1
COc1cc2ncnc(Nc3cccc(Cl)c3)c2cc1OC,1
O=c1oc2cc(O)ccc2c2ccc(O)cc12,1
O=c1oc2cc(O)ccc2c2ccccc12,1
O=c1oc2cc(O)ccc2c2cc(O)c(O)cc12,1
O=c1oc2c(O)c(O)ccc2c2cc(O)c(O)cc12,1
CCCC(CCC)C(=O)O,1
O=C(C=Cc1ccc(O)c(O)c1)OC1C2C=COC(OC3OC(CO)C(O)C(O)C3O)C2C2(CO)OC12,1
CCC1(O)CC2CN(CCc3c([nH]c4ccccc34)C(C(=O)OC)(c3cc4c(cc3OC)N(C=O)C3C(O)(C(=O)OC)C(OC(C)=O)C5(CC)C=CCN6CCC43C65)C2)C1,1
CCOC(=O)C1=CC2(CC)CCCN3CCc4c(n1c1ccccc41)C32,1
C=C1CCC(O)CC1=CC=C1CCCC2(C)C1CCC2C(C)CCCC(C)C,1
Cc1c(C)c2c(c(C)c1O)CCC(C)(CCCC(C)CCCC(C)CCCC(C)C)O2,1
O=c1cc(-c2ccc(O)cc2)oc2c(C3OC(CO)C(O)C(O)C3O)c(O)cc(O)c12,1
CC1=C(C)C(=O)OC(C(C)(O)C2CCC3C4C5OC5C5(O)CC=CC(=O)C5(C)C4CCC32C)C1,1
O=c1[nH]c(=O)c2[nH]cnc2[nH]1,1
COc1cc(CC2C(=O)OCC2Cc2cc(OC)c3c(c2)C(CO)C(c2ccc(O)c(OC)c2)O3)ccc1O,1
O=C(O)CCC(O)C(=O)O,1
CCC1Cc2cc(O)ccc2C2=C1c1ccc(O)cc1CC2CC,1
CCC=CCC=CCC=CCCCCCCCC(=O)O,1
COc1ccccc1-n1cc(COC(=O)C2CCn3c(C(=O)c4ccccc4)ccc32)nn1,1
c1ccn2ncnc2c1,1
O=c1oc(Cl)c(Cl)c2ccccc12,1
Cn1c(=O)[nH]c(=O)c2[nH]cnc21,1
CCCCCCCC(=O)c1ccc(O)c(C(=O)O)c1,1
COc1ccc(-c2cc(=O)c3c(O)cc(OC4OC(COC5OC(C)C(O)C(O)C5O)C(O)C(O)C4O)cc3o2)cc1,1
CC(C=CC=C(C)C=CC1=C(C)C(=O)C(O)CC1(C)C)=CC=CC=C(C)C=CC=C(C)C=CC1=C(C)C(=O)C(O)CC1(C)C,1
CC(C)(O)C1CCC(C)(C2C(O)CC3(C)C4CC(OC5OC(CO)C(O)C(O)C5O)C5C(C)(C)C(OC6OCC(O)C(O)C6O)CCC56CC46CCC23C)O1,1
CCC(C)C(N)C1=NC(C(=O)NC(CC(C)C)C(=O)NC(CCC(=O)O)C(=O)NC(C(=O)NC2CCCCNC(=O)C(CC(N)=O)NC(=O)C(CC(=O)O)NC(=O)C(Cc3cnc[nH]3)NC(=O)C(Cc3ccccc3)NC(=O)C(C(C)CC)NC(=O)C(CCCN)NC2=O)C(C)CC)CS1,1
C[N+](C)(C)CC(=O)[O-],1
O=C(C=Cc1ccc(O)c(O)c1)OC(C(=O)O)C(OC(=O)C=Cc1ccc(O)c(O)c1)C(=O)O,1
C=CC1=C(C)C2=N/C1=C\C1=N/C(=C\c3[nH]c4c(c3C)=C(O)C(C(=O)OC)C=4C3=N/C(=C\2)C(C)C3CCC(=O)OCC=C(C)CCCC(C)CCCC(C)CCCC(C)C)C(CC)=C1C,1
C(=Cc1ccccc1)CN1CCN(C(c2ccccc2)c2ccccc2)CC1,1
COC1=C(OC)C(=O)C(CC=C(C)CCC=C(C)CCC=C(C)CCC=C(C)CCC=C(C)CCC=C(C)CCC=C(C)CCC=C(C)CCC=C(C)CCC=C(C)C)=C(C)C1=O,1
CC(=O)OC1C(O)C(OC2C(O)C(O)OC(CO)C2O)OC(C)C1OC1OC(C)C(OC2OC(CO)C(O)C(OC3OC(C(=O)O)C(OC4OC5COC(C)(C(=O)O)OC5C(O)C4O)C(O)C3O)C2O)C(O)C1O,1
Oc1cc(O)c2c(c1)OC(c1ccc(O)c(O)c1)C(O)C2c1c(O)cc(O)c2c1OC(c1ccc(O)c(O)c1)C(O)C2c1c(O)cc(O)c2c1OC1(c3ccc(O)c(O)c3)Oc3cc(O)c4c(c3C2C1O)OC(c1ccc(O)c(O)c1)C(O)C4,1
CC=CCC(C)C(O)C1C(=O)NC(CC)C(=O)N(C)CC(=O)N(C)C(CC(C)C)C(=O)NC(C(C)C)C(=O)N(C)C(CC(C)C)C(=O)NC(C)C(=O)NC(C)C(=O)N(C)C(CC(C)C)C(=O)N(C)C(CC(C)C)C(=O)N(C)C(C(C)C)C(=O)N1C,1
CC(CCC=CC(=O)Nc1ccc(C(=O)O)cc1)OC1OC(C)C(O)CC1O,1
CC(C)=CC1CC(C)C(COc2ccc3ccc(=O)oc3c2)C1(C)CCC(=O)O,1
COC1=C2CC(C)CC(OC)C(O)C(C)/C=C(/C)C(OC(N)=O)C(OC)/C=C\C=C(\C)C(=O)NC(=CC1=O)C2=O,1
O=C(O)C(O)C(O)C(O)C(O)CO,1
Cn1c(=O)c2c(nc(N3CCOCC3)n2C)n(C)c1=O,1
COc1cc(CC2C(=O)OCC2Cc2cc(OC)c(O)c(C(CO)C(O)c3ccc(O)c(OC)c3)c2)ccc1O,1
O=C(C=Cc1ccc(O)c(O)c1)OC1CC(O)(C(=O)O)CC(O)C1O,1
COC(=O)C1=C(C)NC(C)=C(C(=O)OCCN(C)Cc2ccccc2)C1c1cccc([N+](=O)[O-])c1,1
COC1CC(OC2C(C)OC(OC3C(C)OC(OC4CCC5(C)C(=CCC6(O)C5CC(OC(=O)C=C(C)C(C)C)C5(C)C(O)(C(C)=O)CCC65O)C4)CC3OC)CC2OC)OC(C)C1O,1
CC(C)=CCCC(COC1OC(COC2OC(CO)C(O)C2O)C(O)C(O)C1O)C1CCC2(C)C1C(O)CC1C3(C)CCC(OC4OC(CO)C(O)C(O)C4O)C(C)(C)C3CCC12C,1
CC(C)=CCCC(C)(OC1OC(CO)C(O)C(O)C1O)C1CCC2(C)C1C(O)CC1C3(C)CCC(O)C(C)(C)C3C(OC3OC(CO)C(O)C(O)C3O)CC12C,1
O=c1c(O)c(-c2ccc(O)c(OC3OC(CO)C(O)C(O)C3O)c2)oc2cc(O)cc(O)c12,1
COC1CC2CCC(C)C(O)(O2)C(=O)C(=O)N2CCCCC2C(=O)OC(C(C)CC2CCC(O)C(OC)C2)CC(=O)C(C)/C=C(/C)C(O)C(OC)C(=O)C(C)CC(C)/C=C\C=C/C=C\1C,1
O=C(O)c1ccccc1O,1
CC1CCC2(OC1)OC1CC3C4CCC5CC(OC6OC(CO)C(OC7OC(C)C(O)C(O)C7O)C(O)C6OC6OC(CO)C(O)C(O)C6O)CCC5(C)C4CCC3(C)C1C2C,1
CCC(C)C(NC(=O)C(NC(=O)C(Cc1ccccc1)NC(=O)C(N)CC(=O)O)C(C)C)C(=O)NC(CC(=O)O)C(=O)NC(CC(N)=O)C(=O)NC(CCC(N)=O)C(=O)NCC(=O)NC(CC(N)=O)C(=O)N1CCCC1C(=O)NC(CC(C)C)C(=O)NC(CC(=O)O)C(=O)NC(CC(N)=O)C(=O)NCC(=O)NCC(=O)O,1
O=C(OCC1OC(OC(=O)c2cc(O)c(O)c(OC(=O)c3cc(O)c(O)c(O)c3)c2)C(OC(=O)c2cc(O)c(O)c(OC(=O)c3cc(O)c(O)c(O)c3)c2)C(OC(=O)c2cc(O)c(O)c(OC(=O)c3cc(O)c(O)c(O)c3)c2)C1OC(=O)c1cc(O)c(O)c(OC(=O)c2cc(O)c(O)c(O)c2)c1)c1cc(O)c(O)c(OC(=O)c2cc(O)c(O)c(O)c2)c1,1
OCCc1ccc(O)cc1,1
O=S(=O)(O)O,1
